Workbook

Sheet richieste offerte kit+sacc
D1: in giallo prezzo da inserire a listino x codognini
A2: Fornitore | B2: Codice | C2: disegno | D2: descrizione | E2: FINITURA | F2: DESTINAZIONE | G2: lotto field test 50 tende | H2: lotto 200 tende | I2: Lotto produzione a regime 500 tende | J2: € pz lotto field test 50 tende | K2: € pz lotto 200 tende | L2: € pz lotto 500 tende | M2: prezzo da inserire | N2: costo verniciatura | O2: valore alluminio mozzicone | Q2: misura (mm) | R2: peso metro | S2: peso pz | T2: costo totale con ragionamento su lotto acquisto | U2: costo tot se acquistassi tutto per "500 tende". | V2: pz ricavabili con mag presso terxista 18/7 | W2: LT totale (gg da ordine, escluso tutto agosto) | X2: Le configurazioni | Z2: LT totale (gg da ordine, escludere tutto agosto) | AB2: nota prima di ordinare | AE2: confronto prezzo 200pz con lotto da 500
A3: CPA | B3: 090364 | C3: T0002.206A | D3: =VLOOKUP(B3,[1]!Tabella1[[Codice]:[Descrizione]],2,FALSE) -> SUPPORTO CASSONETTO SUPERIORE ZEROGRADI | E3: ANODIZZATO | F3: saccolongo | G3: 30 | H3: 120 | I3: =+G3*10 -> 300 | J3: 13 | K3: 5.22 | L3: 4.16 | M3: =+K3 -> 5.22 | N3: arriva già così | O3: =+S3*4.5 -> 0.4374 | P3: =VLOOKUP(B3,Foglio1!AA:AD,4,FALSE) -> 010608 | Q3: =VLOOKUP(B3,Foglio1!AA:AD,2,FALSE) -> 60 | R3: =VLOOKUP(B3,Foglio1!AA:AE,5,FALSE) -> 1.62 | S3: =+R3*Q3/1000 -> 0.0972 | T3: =+M3*500 -> 2610 | U3: =+L3*500 -> 2080 | V3: =92*13 -> 1196 | W3: 40 | X3: 0050 | Y3: non estrudere per il momento (forse materiale per 2 anni) | Z3: 100 | AB3: =+J3*G3 -> 390 | AC3: =+K3*H3 -> 626.4 | AD3: =+L3*I3 -> 1248 | AE3: =+I3*K3 -> 1566
A4: CPA | B4: 131401 | C4: T0002.452 | D4: =VLOOKUP(B4,[1]!Tabella1[[Codice]:[Descrizione]],2,FALSE) -> BLOCCA MOTORE SUPERIORE | E4: ANODIZZATO | F4: saccolongo | G4: 50 | H4: 200 | I4: =+G4*10 -> 500 | J4: 12 | K4: 7.26 | L4: 6.62 | M4: =+K4 -> 7.26 | N4: arriva già così | O4: =+S4*4.5 -> #N/A | P4: =VLOOKUP(B4,Foglio1!AA:AD,4,FALSE) -> #N/A | Q4: =VLOOKUP(B4,Foglio1!AA:AD,2,FALSE) -> #N/A | R4: =VLOOKUP(B4,Foglio1!AA:AE,5,FALSE) -> #N/A | S4: =+R4*Q4/1000 -> #N/A | T4: =+M4*500 -> 3630 | U4: =+L4*500 -> 3310 | W4: 40 | X4: 0050 | Z4: 40 | AB4: =+J4*G4 -> 600 | AC4: =+K4*H4 -> 1452 | AD4: =+L4*I4 -> 3310 | AE4: =+I4*K4 -> 3630
A5: CPA | B5: 131386 | C5: T0002.411 | D5: =VLOOKUP(B5,[1]!Tabella1[[Codice]:[Descrizione]],2,FALSE) -> PIASTRA ANCORAGGIO GUIDA MENSOLA ANGOLARE ZEROGRADI | E5: GREZZO | F5: veggiano | G5: 120 | H5: 480 | I5: =+G5*10 -> 1200 | J5: 4.08 | K5: 3.25 | L5: 2.93 | M5: =+K5 -> 3.25 | N5: verificare se va verniciata a commessa | O5: =+S5*4.5 -> #N/A | P5: =VLOOKUP(B5,Foglio1!AA:AD,4,FALSE) -> #N/A | Q5: =VLOOKUP(B5,Foglio1!AA:AD,2,FALSE) -> #N/A | R5: =VLOOKUP(B5,Foglio1!AA:AE,5,FALSE) -> #N/A | S5: =+R5*Q5/1000 -> #N/A | T5: =+M5*500 -> 1625 | U5: =+L5*500 -> 1465 | W5: 40 | X5: 0000 + colori mag | Z5: 40 | AB5: =+J5*G5 -> 489.6 | AC5: =+K5*H5 -> 1560 | AD5: =+L5*I5 -> 3516 | AE5: =+I5*K5 -> 3900
A6: CPA | B6: 131388 | C6: T0002.433 | D6: =VLOOKUP(B6,[1]!Tabella1[[Codice]:[Descrizione]],2,FALSE) -> SNODO GAMBA-GUIDA LATO GAMBA ZEROGRADI | E6: GREZZO | F6: veggiano | G6: 20 | H6: 80 | I6: =+G6*10 -> 200 | J6: 55 | K6: 40 | L6: 30 | M6: =+K6 -> 40 | N6: 0.26 | O6: =+S6*4.5 -> #N/A | P6: =VLOOKUP(B6,Foglio1!AA:AD,4,FALSE) -> #N/A | Q6: =VLOOKUP(B6,Foglio1!AA:AD,2,FALSE) -> #N/A | R6: =VLOOKUP(B6,Foglio1!AA:AE,5,FALSE) -> #N/A | S6: =+R6*Q6/1000 -> #N/A | T6: =+M6*500 -> 20000 | U6: =+L6*500 -> 15000 | W6: 40 | X6: 0000 + colori mag | Z6: 40 | AB6: =+J6*G6 -> 1100 | AC6: =+K6*H6 -> 3200 | AD6: =+L6*I6 -> 6000 | AE6: =+I6*K6 -> 8000
A7: CPA | B7: 131389 | C7: T0002.435 | D7: =VLOOKUP(B7,[1]!Tabella1[[Codice]:[Descrizione]],2,FALSE) -> SNODO GAMBA-GUIDA LATO GUIDA ZEROGRADI | E7: GREZZO | F7: veggiano | G7: 20 | H7: 80 | I7: =+G7*10 -> 200 | J7: 35 | K7: 12.14 | L7: 10.26 | M7: =+K7 -> 12.14 | N7: 0.25 | O7: =+S7*4.5 -> #N/A | P7: =VLOOKUP(B7,Foglio1!AA:AD,4,FALSE) -> #N/A | Q7: =VLOOKUP(B7,Foglio1!AA:AD,2,FALSE) -> #N/A | R7: =VLOOKUP(B7,Foglio1!AA:AE,5,FALSE) -> #N/A | S7: =+R7*Q7/1000 -> #N/A | T7: =+M7*500 -> 6070 | U7: =+L7*500 -> 5130 | W7: 40 | X7: 0000 + colori mag | Z7: 40 | AB7: =+J7*G7 -> 700 | AC7: =+K7*H7 -> 971.2 | AD7: =+L7*I7 -> 2052 | AE7: =+I7*K7 -> 2428
A8: CPA | B8: 131390 | C8: T0002.453 | D8: =VLOOKUP(B8,[1]!Tabella1[[Codice]:[Descrizione]],2,FALSE) -> STAFFETTA SUPPORTO TENSIONATORE ZEROGRADI | E8: ANODIZZATO | F8: saccolongo | G8: 75 | H8: 300 | I8: =+G8*10 -> 750 | J8: 10 | K8: 7.22 | L8: 6.57 | M8: =+K8 -> 7.22 | N8: arriva già così | O8: =+S8*4.5 -> #N/A | P8: =VLOOKUP(B8,Foglio1!AA:AD,4,FALSE) -> #N/A | Q8: =VLOOKUP(B8,Foglio1!AA:AD,2,FALSE) -> #N/A | R8: =VLOOKUP(B8,Foglio1!AA:AE,5,FALSE) -> #N/A | S8: =+R8*Q8/1000 -> #N/A | T8: =+M8*500 -> 3610 | U8: =+L8*500 -> 3285 | W8: 40 | X8: 0050 | Z8: 40 | AB8: =+J8*G8 -> 750 | AC8: =+K8*H8 -> 2166 | AD8: =+L8*I8 -> 4927.5 | AE8: =+I8*K8 -> 5415
A9: CPA | B9: 090359 | C9: T0002.246A | D9: =VLOOKUP(B9,[1]!Tabella1[[Codice]:[Descrizione]],2,FALSE) -> AGGANCIO CASSONETTO PARETE ROTABILE LAVORATO ZEROGRADI | E9: ANODIZZATO | F9: veggiano | G9: 16 | H9: 64 | I9: =+G9*10 -> 160 | J9: 17 | K9: 7.73 | L9: 5.15 | M9: =+L9 -> 5.15 | N9: arriva già così | O9: =+S9*4.5 -> 0.463725 | P9: =VLOOKUP(B9,Foglio1!AA:AD,4,FALSE) -> 010629 | Q9: =VLOOKUP(B9,Foglio1!AA:AD,2,FALSE) -> 90 | R9: =VLOOKUP(B9,Foglio1!AA:AE,5,FALSE) -> 1.145 | S9: =+R9*Q9/1000 -> 0.10305 | T9: =+M9*500 -> 2575 | U9: =+L9*500 -> 2575 | V9: =63*5 -> 315 | W9: 40 | X9: 0050 | Y9: non estrudere per il momento (forse materiale per 2 anni) | Z9: 100 | AB9: =+J9*G9 -> 272 | AC9: =+K9*H9 -> 494.72 | AD9: =+L9*I9 -> 824 | AE9: =+I9*K9 -> 1236.8
A10: CPA | B10: 090361 | C10: T0002.217A | D10: =VLOOKUP(B10,[1]!Tabella1[[Codice]:[Descrizione]],2,FALSE) -> ANCORAGGIO GUIDA ZEROGRADI | E10: GREZZO | F10: veggiano | G10: 305 | H10: 1220 | I10: =+G10*10 -> 3050 | J10: 3.64 | K10: 3.36 | L10: 3.24 | M10: =+K10 -> 3.36 | N10: 0.17 | O10: =+S10*4.5 -> 0.18225 | P10: =VLOOKUP(B10,Foglio1!AA:AD,4,FALSE) -> 010617 | Q10: =VLOOKUP(B10,Foglio1!AA:AD,2,FALSE) -> 45 | R10: =VLOOKUP(B10,Foglio1!AA:AE,5,FALSE) -> 0.9 | S10: =+R10*Q10/1000 -> 0.0405 | T10: =+M10*500 -> 1680 | U10: =+L10*500 -> 1620 | V10: =12*120 -> 1440 | W10: 40 | X10: 0000 + colori mag | Y10: estrudi per gennaio | Z10: 100 | AA10: aspetta ad ordinare | AB10: =+J10*G10 -> 1110.2 | AC10: =+K10*H10 -> 4099.2 | AD10: =+L10*I10 -> 9882 | AE10: =+I10*K10 -> 10248
A11: CPA | B11: 090362 | C11: T0002.249A | D11: =VLOOKUP(B11,[1]!Tabella1[[Codice]:[Descrizione]],2,FALSE) -> ANTI SOLLEVAMENTO SUPPORTO PARETE ROTABILE LAVORATO ZEROGRADI | E11: ANODIZZATO | F11: veggiano | G11: 16 | H11: 64 | I11: =+G11*10 -> 160 | J11: 17 | K11: 5.34 | L11: 3.4 | M11: =+L11 -> 3.4 | N11: arriva già così | O11: =+S11*4.5 -> 0.226395 | P11: =VLOOKUP(B11,Foglio1!AA:AD,4,FALSE) -> 010637 | Q11: =VLOOKUP(B11,Foglio1!AA:AD,2,FALSE) -> 90 | R11: =VLOOKUP(B11,Foglio1!AA:AE,5,FALSE) -> 0.559 | S11: =+R11*Q11/1000 -> 0.05031 | T11: =+M11*500 -> 1700 | U11: =+L11*500 -> 1700 | V11: =63*11 -> 693 | W11: 40 | X11: 0050 | Y11: non estrudere per il momento (forse materiale per 2 anni) | Z11: 100 | AB11: =+J11*G11 -> 272 | AC11: =+K11*H11 -> 341.76 | AD11: =+L11*I11 -> 544 | AE11: =+I11*K11 -> 854.4
A12: CPA | B12: 090363 | C12: T0002.220A | D12: =VLOOKUP(B12,[1]!Tabella1[[Codice]:[Descrizione]],2,FALSE) -> SUPPORTINO TETTUCCIO LAVORATO ZEROGRADI | E12: ANODIZZATO | F12: veggiano | G12: 15 | H12: 60 | I12: =+G12*10 -> 150 | J12: 17 | K12: 5.52 | L12: 3.7 | M12: =+L12 -> 3.7 | N12: arriva già così | O12: =+S12*4.5 -> 0.128304 | P12: =VLOOKUP(B12,Foglio1!AA:AD,4,FALSE) -> 010619 | Q12: =VLOOKUP(B12,Foglio1!AA:AD,2,FALSE) -> 32 | R12: =VLOOKUP(B12,Foglio1!AA:AE,5,FALSE) -> 0.891 | S12: =+R12*Q12/1000 -> 0.028512 | T12: =+M12*500 -> 1850 | U12: =+L12*500 -> 1850 | V12: =162*5 -> 810 | W12: 40 | X12: 0050 | Y12: non estrudere per il momento (forse materiale per 2 anni) | Z12: 100 | AB12: =+J12*G12 -> 255 | AC12: =+K12*H12 -> 331.2 | AD12: =+L12*I12 -> 555 | AE12: =+I12*K12 -> 828
A13: CPA | B13: 090365 | C13: T0002.245A | D13: =VLOOKUP(B13,[1]!Tabella1[[Codice]:[Descrizione]],2,FALSE) -> SUPPORTO PARETE ANCORABILE ROTABILE LAVORATO ZEROGRADI | E13: ANODIZZATO | F13: veggiano | G13: 16 | H13: 64 | I13: =+G13*10 -> 160 | J13: 25 | K13: 12.1 | L13: 9.75 | M13: =+L13 -> 9.75 | N13: arriva già così | O13: =+S13*4.5 -> 4.32378 | P13: =VLOOKUP(B13,Foglio1!AA:AD,4,FALSE) -> 010639 | Q13: =VLOOKUP(B13,Foglio1!AA:AD,2,FALSE) -> 180 | R13: =VLOOKUP(B13,Foglio1!AA:AE,5,FALSE) -> 5.338 | S13: =+R13*Q13/1000 -> 0.96084 | T13: =+M13*500 -> 4875 | U13: =+L13*500 -> 4875 | V13: =32*7 -> 224 | W13: 40 | X13: 0050 | Y13: estrudi per gennaio | Z13: 100 | AB13: =+J13*G13 -> 400 | AC13: =+K13*H13 -> 774.4 | AD13: =+L13*I13 -> 1560 | AE13: =+I13*K13 -> 1936
A14: CPA | B14: 131374 | C14: T0002.232A | D14: =VLOOKUP(B14,[1]!Tabella1[[Codice]:[Descrizione]],2,FALSE) -> ANCORAMENTO TETTUCCIO SUPPORTO PARETE ZEROGRADI | E14: ANODIZZATO | F14: veggiano | G14: 10 | H14: 40 | I14: =+G14*10 -> 100 | J14: 27 | K14: 12.1 | L14: 8.7 | M14: =+L14 -> 8.7 | N14: 0.25 | O14: =+S14*4.5 -> #N/A | P14: =VLOOKUP(B14,Foglio1!AA:AD,4,FALSE) -> #N/A | Q14: =VLOOKUP(B14,Foglio1!AA:AD,2,FALSE) -> #N/A | R14: =VLOOKUP(B14,Foglio1!AA:AE,5,FALSE) -> #N/A | S14: =+R14*Q14/1000 -> #N/A | T14: =+M14*500 -> 4350 | U14: =+L14*500 -> 4350 | W14: 40 | X14: 0050 | Z14: 40 | AB14: =+J14*G14 -> 270 | AC14: =+K14*H14 -> 484 | AD14: =+L14*I14 -> 870 | AE14: =+I14*K14 -> 1210
A15: CPA | B15: 131375 | C15: T0002.417 | D15: =VLOOKUP(B15,[1]!Tabella1[[Codice]:[Descrizione]],2,FALSE) -> BASAMENTO RINVIO ANGOLARE GAMBA TELESCOPICA ZEROGRADI | E15: GREZZO | F15: veggiano | G15: 3 | H15: 12 | I15: =+G15*10 -> 30 | J15: 50 | K15: 25 | L15: 18 | M15: =+L15 -> 18 | N15: resta gz | O15: =+S15*4.5 -> #N/A | P15: =VLOOKUP(B15,Foglio1!AA:AD,4,FALSE) -> #N/A | Q15: =VLOOKUP(B15,Foglio1!AA:AD,2,FALSE) -> #N/A | R15: =VLOOKUP(B15,Foglio1!AA:AE,5,FALSE) -> #N/A | S15: =+R15*Q15/1000 -> #N/A | T15: =+M15*500 -> 9000 | U15: =+L15*500 -> 9000 | W15: 40 | X15: 0000 | Z15: 40 | AB15: =+J15*G15 -> 150 | AC15: =+K15*H15 -> 300 | AD15: =+L15*I15 -> 540 | AE15: =+I15*K15 -> 750
A16: CPA | B16: 131377 | C16: T0002.426 | D16: =VLOOKUP(B16,[1]!Tabella1[[Codice]:[Descrizione]],2,FALSE) -> DISCO FINECORSA GAMBA TELESCOPICA ZEROGRADI | E16: GREZZO | F16: veggiano | G16: 3 | H16: 12 | I16: =+G16*10 -> 30 | J16: 35 | K16: 30 | L16: 20 | M16: =+L16 -> 20 | N16: resta gz | O16: =+S16*4.5 -> #N/A | P16: =VLOOKUP(B16,Foglio1!AA:AD,4,FALSE) -> #N/A | Q16: =VLOOKUP(B16,Foglio1!AA:AD,2,FALSE) -> #N/A | R16: =VLOOKUP(B16,Foglio1!AA:AE,5,FALSE) -> #N/A | S16: =+R16*Q16/1000 -> #N/A | T16: =+M16*500 -> 10000 | U16: =+L16*500 -> 10000 | W16: 40 | X16: 0000 | Z16: 40 | AB16: =+J16*G16 -> 105 | AC16: =+K16*H16 -> 360 | AD16: =+L16*I16 -> 600 | AE16: =+I16*K16 -> 900
A17: CPA | B17: 131391 | C17: T0002.431 | D17: =VLOOKUP(B17,[1]!Tabella1[[Codice]:[Descrizione]],2,FALSE) -> SUPPORTO FRANGITRATTA STATICO ZEROGRADI | E17: ANODIZZATO | F17: veggiano | G17: 90 | H17: 360 | I17: =+G17*10 -> 900 | J17: 12 | K17: 9.32 | L17: 8.16 | M17: =+K17 -> 9.32 | N17: non c'è a sistema | O17: =+S17*4.5 -> #N/A | P17: =VLOOKUP(B17,Foglio1!AA:AD,4,FALSE) -> #N/A | Q17: =VLOOKUP(B17,Foglio1!AA:AD,2,FALSE) -> #N/A | R17: =VLOOKUP(B17,Foglio1!AA:AE,5,FALSE) -> #N/A | S17: =+R17*Q17/1000 -> #N/A | T17: =+M17*500 -> 4660 | U17: =+L17*500 -> 4080 | W17: 40 | X17: 0050 | Z17: 40 | AB17: =+J17*G17 -> 1080 | AC17: =+K17*H17 -> 3355.2 | AD17: =+L17*I17 -> 7344 | AE17: =+I17*K17 -> 8388
A18: CPA | B18: 131403 | C18: T0002.455S | D18: =VLOOKUP(B18,[1]!Tabella1[[Codice]:[Descrizione]],2,FALSE) -> TAPPO CASSONETTO VOLANT DX | E18: GREZZO | F18: veggiano | G18: 15 | H18: 60 | I18: =+G18*10 -> 150 | J18: 60 | K18: 40 | L18: 26 | M18: =+K18 -> 40 | N18: a commessa-non ho il costo | O18: =+S18*4.5 -> #N/A | P18: =VLOOKUP(B18,Foglio1!AA:AD,4,FALSE) -> #N/A | Q18: =VLOOKUP(B18,Foglio1!AA:AD,2,FALSE) -> #N/A | R18: =VLOOKUP(B18,Foglio1!AA:AE,5,FALSE) -> #N/A | S18: =+R18*Q18/1000 -> #N/A | T18: =+M18*500 -> 20000 | U18: =+L18*500 -> 13000 | W18: 40 | X18: 0000 + colori mag | Z18: 40 | AB18: =+J18*G18 -> 900 | AC18: =+K18*H18 -> 2400 | AD18: =+L18*I18 -> 3900 | AE18: =+I18*K18 -> 6000
A19: CPA | B19: 131404 | C19: T0002.455 | D19: =VLOOKUP(B19,[1]!Tabella1[[Codice]:[Descrizione]],2,FALSE) -> TAPPO CASSONETTO VOLANT SX | E19: GREZZO | F19: veggiano | G19: 15 | H19: 60 | I19: =+G19*10 -> 150 | J19: 60 | K19: 40 | L19: 26 | M19: =+K19 -> 40 | N19: a commessa-non ho il costo | O19: =+S19*4.5 -> #N/A | P19: =VLOOKUP(B19,Foglio1!AA:AD,4,FALSE) -> #N/A | Q19: =VLOOKUP(B19,Foglio1!AA:AD,2,FALSE) -> #N/A | R19: =VLOOKUP(B19,Foglio1!AA:AE,5,FALSE) -> #N/A | S19: =+R19*Q19/1000 -> #N/A | T19: =+M19*500 -> 20000 | U19: =+L19*500 -> 13000 | W19: 40 | X19: 0000 + colori mag | Z19: 40 | AB19: =+J19*G19 -> 900 | AC19: =+K19*H19 -> 2400 | AD19: =+L19*I19 -> 3900 | AE19: =+I19*K19 -> 6000
A20: CPA | B20: 131405 | C20: T0002.456 | D20: =VLOOKUP(B20,[1]!Tabella1[[Codice]:[Descrizione]],2,FALSE) -> PIN COLLEGAMENTO VOLANT LAVORATO | E20: ANODIZZATO | F20: veggiano | G20: 15 | H20: 60 | I20: =+G20*10 -> 150 | J20: 16 | K20: 7.96 | L20: 6.4 | M20: =+K20 -> 7.96 | N20: arriva già così | O20: =+S20*4.5 -> #N/A | P20: =VLOOKUP(B20,Foglio1!AA:AD,4,FALSE) -> #N/A | Q20: =VLOOKUP(B20,Foglio1!AA:AD,2,FALSE) -> #N/A | R20: =VLOOKUP(B20,Foglio1!AA:AE,5,FALSE) -> #N/A | S20: =+R20*Q20/1000 -> #N/A | T20: =+M20*500 -> 3980 | U20: =+L20*500 -> 3200 | W20: 40 | X20: 0050 | Z20: 40 | AB20: =+J20*G20 -> 240 | AC20: =+K20*H20 -> 477.6 | AD20: =+L20*I20 -> 960 | AE20: =+I20*K20 -> 1194
A21: CPA | B21: 131406 | C21: T0002.457 | D21: =VLOOKUP(B21,[1]!Tabella1[[Codice]:[Descrizione]],2,FALSE) -> SUPPORTO INTERMEDIO TETTUCCIO | E21: ANODIZZATO | F21: veggiano | G21: 5 | H21: 20 | I21: =+G21*10 -> 50 | J21: 35 | K21: 19 | L21: 11 | M21: 11 | N21: arriva già così | O21: =+S21*4.5 -> #N/A | P21: =VLOOKUP(B21,Foglio1!AA:AD,4,FALSE) -> #N/A | Q21: =VLOOKUP(B21,Foglio1!AA:AD,2,FALSE) -> #N/A | R21: =VLOOKUP(B21,Foglio1!AA:AE,5,FALSE) -> #N/A | S21: =+R21*Q21/1000 -> #N/A | W21: 40 | X21: 0050 | Z21: 40 | AB21: =+J21*G21 -> 175 | AC21: =+K21*H21 -> 380 | AD21: =+L21*I21 -> 550 | AE21: =+I21*K21 -> 950
Q22: =VLOOKUP(B22,Foglio1!AA:AD,2,FALSE) -> #N/A | R22: =VLOOKUP(B22,Foglio1!AA:AE,5,FALSE) -> #N/A | AB22: =SUM(AB3:AB21) -> 10158.8 | AC22: =SUM(AC3:AC21) -> 26173.68 | AD22: =SUM(AD3:AD21) -> 53082.5 | AE22: =+I22*K22 -> 0
Q23: =VLOOKUP(B23,Foglio1!AA:AD,2,FALSE) -> #N/A | R23: =VLOOKUP(B23,Foglio1!AA:AE,5,FALSE) -> #N/A | AB23: =+AB22/50 -> 203.176 | AC23: =+AC22/200 -> 130.8684 | AD23: =+AD22/500 -> 106.165 | AE23: =+I23*K23 -> 0
B24: 5 | J24: procedere col verde | Q24: =VLOOKUP(B24,Foglio1!AA:AD,2,FALSE) -> #N/A | R24: =VLOOKUP(B24,Foglio1!AA:AE,5,FALSE) -> #N/A | AD24: 1 | AU24: 0 | BI24: 3
A25: Fornitore | B25: Codice | C25: disegno | D25: =VLOOKUP(B25,[1]!Tabella1[[Codice]:[Descrizione]],2,FALSE) -> #N/A | E25: colore | F25: DESTINAZIONE | G25: lotto field test | H25: lotto 200 moduli | I25: Lotto produzione a regime 500 moduli | J25: € pz lotto field test | K25: € pz lotto 200 moduli | L25: € pz lotto 500 moduli | Q25: =VLOOKUP(B25,Foglio1!AA:AD,2,FALSE) -> #N/A | R25: =VLOOKUP(B25,Foglio1!AA:AE,5,FALSE) -> #N/A | W25: LT totale (gg da ordine, escluso tutto agosto) | Z25: LT totale (gg da ordine, escludere tutto agosto)
A26: 4C | B26: 111459 | C26: 3GE40.005 | D26: =VLOOKUP(B26,[1]!Tabella1[[Codice]:[Descrizione]],2,FALSE) -> ROTELLA TERMINALE ANTI SCAVALLAMENTO ZEROGRADI | E26: P073 | F26: VEGGIANO | G26: 100 | H26: =+G26*4 -> 400 | I26: =+G26*10 -> 1000 | J26: 0.55 | K26: 0.44 | L26: 0.36 | M26: =+L26 -> 0.36 | Q26: =VLOOKUP(B26,Foglio1!AA:AD,2,FALSE) -> #N/A | R26: =VLOOKUP(B26,Foglio1!AA:AE,5,FALSE) -> #N/A | T26: =+M26*500 -> 180 | U26: =+L26*500 -> 180 | W26: 35 | Z26: 40 | AB26: =+J26*G26 -> 55 | AC26: =+K26*H26 -> 176 | AD26: =+L26*I26 -> 360
A27: 4C | B27: 111460 | C27: T0002.137 | D27: =VLOOKUP(B27,[1]!Tabella1[[Codice]:[Descrizione]],2,FALSE) -> AVVOLGICINGHIA CHIUSURA LATO FOLLE ZEROGRADI | E27: P073 | F27: VEGGIANO | G27: 50 | H27: =+G27*4 -> 200 | I27: =+G27*10 -> 500 | J27: 1.2 | K27: 0.94 | L27: 0.74 | M27: =+L27 -> 0.74 | Q27: =VLOOKUP(B27,Foglio1!AA:AD,2,FALSE) -> #N/A | R27: =VLOOKUP(B27,Foglio1!AA:AE,5,FALSE) -> #N/A | T27: =+M27*500 -> 370 | U27: =+L27*500 -> 370 | W27: 35 | Z27: 40 | AB27: =+J27*G27 -> 60 | AC27: =+K27*H27 -> 188 | AD27: =+L27*I27 -> 370
A28: 4C | B28: 111461 | C28: T0002.138 | D28: =VLOOKUP(B28,[1]!Tabella1[[Codice]:[Descrizione]],2,FALSE) -> AVVOLGICINGHIA CHIUSURA LATO MOTORE ZEROGRADI | E28: P073 | F28: VEGGIANO | G28: 50 | H28: =+G28*4 -> 200 | I28: =+G28*10 -> 500 | J28: 0.73 | K28: 0.61 | L28: 0.51 | M28: =+L28 -> 0.51 | Q28: =VLOOKUP(B28,Foglio1!AA:AD,2,FALSE) -> #N/A | R28: =VLOOKUP(B28,Foglio1!AA:AE,5,FALSE) -> #N/A | T28: =+M28*500 -> 255 | U28: =+L28*500 -> 255 | W28: 35 | Z28: 40 | AB28: =+J28*G28 -> 36.5 | AC28: =+K28*H28 -> 122 | AD28: =+L28*I28 -> 255
A29: 4C | B29: 111462 | C29: T0002.136 | D29: =VLOOKUP(B29,[1]!Tabella1[[Codice]:[Descrizione]],2,FALSE) -> AVVOLGICINGHIA CORONA ESTERNA ZEROGRADI | E29: P073 | F29: VEGGIANO | G29: 100 | H29: =+G29*4 -> 400 | I29: =+G29*10 -> 1000 | J29: 1.56 | K29: 1.27 | L29: 1.08 | M29: =+L29 -> 1.08 | Q29: =VLOOKUP(B29,Foglio1!AA:AD,2,FALSE) -> #N/A | R29: =VLOOKUP(B29,Foglio1!AA:AE,5,FALSE) -> #N/A | T29: =+M29*500 -> 540 | U29: =+L29*500 -> 540 | W29: 35 | Z29: 40 | AB29: =+J29*G29 -> 156 | AC29: =+K29*H29 -> 508 | AD29: =+L29*I29 -> 1080
A30: 4C | B30: 111463 | C30: T0002.135 | D30: =VLOOKUP(B30,[1]!Tabella1[[Codice]:[Descrizione]],2,FALSE) -> AVVOLGICINGHIA SEMISUPPORTO PRINCIPALE ZEROGRADI | E30: P073 | F30: VEGGIANO | G30: 200 | H30: =+G30*4 -> 800 | I30: =+G30*10 -> 2000 | J30: 0.76 | K30: 0.64 | L30: 0.53 | M30: =+L30 -> 0.53 | Q30: =VLOOKUP(B30,Foglio1!AA:AD,2,FALSE) -> #N/A | R30: =VLOOKUP(B30,Foglio1!AA:AE,5,FALSE) -> #N/A | T30: =+M30*500 -> 265 | U30: =+L30*500 -> 265 | W30: 35 | Z30: 40 | AB30: =+J30*G30 -> 152 | AC30: =+K30*H30 -> 512 | AD30: =+L30*I30 -> 1060
A31: 4C | B31: 111464 | C31: T0002.115 | D31: =VLOOKUP(B31,[1]!Tabella1[[Codice]:[Descrizione]],2,FALSE) -> GUSCIO SUPPORTO MOLLA LATO INTERNO ZEROGRADI | E31: P073 | F31: VEGGIANO | G31: 100 | H31: =+G31*4 -> 400 | I31: =+G31*10 -> 1000 | J31: 0.9 | K31: 0.79 | L31: 0.68 | M31: =+L31 -> 0.68 | Q31: =VLOOKUP(B31,Foglio1!AA:AD,2,FALSE) -> #N/A | R31: =VLOOKUP(B31,Foglio1!AA:AE,5,FALSE) -> #N/A | T31: =+M31*500 -> 340 | U31: =+L31*500 -> 340 | W31: 35 | Z31: 40 | AB31: =+J31*G31 -> 90 | AC31: =+K31*H31 -> 316 | AD31: =+L31*I31 -> 680
A32: 4C | B32: 111465 | C32: T0002.141 | D32: =VLOOKUP(B32,[1]!Tabella1[[Codice]:[Descrizione]],2,FALSE) -> PROTEGGI TELO FRANGITRATTA ZEROGRADI | E32: P134 | F32: SACCOLONGO | G32: 180 | H32: =+G32*4 -> 720 | I32: =+G32*10 -> 1800 | J32: 0.46 | K32: 0.37 | L32: 0.32 | M32: =+L32 -> 0.32 | Q32: =VLOOKUP(B32,Foglio1!AA:AD,2,FALSE) -> #N/A | R32: =VLOOKUP(B32,Foglio1!AA:AE,5,FALSE) -> #N/A | T32: =+M32*500 -> 160 | U32: =+L32*500 -> 160 | W32: 35 | Z32: 40 | AB32: =+J32*G32 -> 82.8 | AC32: =+K32*H32 -> 266.4 | AD32: =+L32*I32 -> 576
A33: 4C | B33: 111466 | C33: T0002.129 | D33: =VLOOKUP(B33,[1]!Tabella1[[Codice]:[Descrizione]],2,FALSE) -> ROTELLA CARRELLO-RINVIO ZEROGRADI | E33: P073 | F33: VEGGIANO | G33: 460 | H33: =+G33*4 -> 1840 | I33: =+G33*10 -> 4600 | J33: 0.22 | K33: 0.18 | L33: 0.15 | M33: =+L33 -> 0.15 | Q33: =VLOOKUP(B33,Foglio1!AA:AD,2,FALSE) -> #N/A | R33: =VLOOKUP(B33,Foglio1!AA:AE,5,FALSE) -> #N/A | T33: =+M33*500 -> 75 | U33: =+L33*500 -> 75 | W33: 35 | Z33: 40 | AB33: =+J33*G33 -> 101.2 | AC33: =+K33*H33 -> 331.2 | AD33: =+L33*I33 -> 690
A34: 4C | B34: 111467 | C34: T0002.150 | D34: =VLOOKUP(B34,[1]!Tabella1[[Codice]:[Descrizione]],2,FALSE) -> TAPPINO ANCORAGGIO GUIDA ZEROGRADI | E34: P134 | F34: VEGGIANO | G34: 430 | H34: =+G34*4 -> 1720 | I34: =+G34*10 -> 4300 | J34: 0.24 | K34: 0.19 | L34: 0.16 | M34: =+L34 -> 0.16 | Q34: =VLOOKUP(B34,Foglio1!AA:AD,2,FALSE) -> #N/A | R34: =VLOOKUP(B34,Foglio1!AA:AE,5,FALSE) -> #N/A | T34: =+M34*500 -> 80 | U34: =+L34*500 -> 80 | W34: 35 | Z34: 40 | AB34: =+J34*G34 -> 103.2 | AC34: =+K34*H34 -> 326.8 | AD34: =+L34*I34 -> 688
A35: 4C | B35: 111468 | C35: T0002.133 | D35: =VLOOKUP(B35,[1]!Tabella1[[Codice]:[Descrizione]],2,FALSE) -> TAPPO CHIUSURA SUPERIORE GAMBA TELESCOPICA ZEROGRADI | E35: P134 | F35: SACCOLONGO | G35: 50 | H35: 50 | I35: 100 | J35: 1.75 | K35: 1.75 | L35: 1.45 | M35: =+L35 -> 1.45 | Q35: =VLOOKUP(B35,Foglio1!AA:AD,2,FALSE) -> #N/A | R35: =VLOOKUP(B35,Foglio1!AA:AE,5,FALSE) -> #N/A | T35: =+M35*500 -> 725 | U35: =+L35*500 -> 725 | W35: 35 | Z35: 40 | AB35: =+J35*G35 -> 87.5 | AC35: =+K35*H35 -> 87.5 | AD35: =+L35*I35 -> 145
A36: 4C | B36: 111468 | C36: T0002.133 | D36: =VLOOKUP(B36,[1]!Tabella1[[Codice]:[Descrizione]],2,FALSE) -> TAPPO CHIUSURA SUPERIORE GAMBA TELESCOPICA ZEROGRADI | E36: P073 | F36: SACCOLONGO | G36: 50 | H36: 50 | I36: 100 | J36: 1.75 | K36: 1.75 | L36: 1.45 | M36: =+L36 -> 1.45 | Q36: =VLOOKUP(B36,Foglio1!AA:AD,2,FALSE) -> #N/A | R36: =VLOOKUP(B36,Foglio1!AA:AE,5,FALSE) -> #N/A | T36: =+M36*500 -> 725 | U36: =+L36*500 -> 725 | W36: 35 | Z36: 40 | AB36: =+J36*G36 -> 87.5 | AC36: =+K36*H36 -> 87.5 | AD36: =+L36*I36 -> 145
A37: 4C | B37: 111468 | C37: T0002.133 | D37: =VLOOKUP(B37,[1]!Tabella1[[Codice]:[Descrizione]],2,FALSE) -> TAPPO CHIUSURA SUPERIORE GAMBA TELESCOPICA ZEROGRADI | E37: P053 | F37: SACCOLONGO | G37: 50 | H37: 50 | I37: 100 | J37: 1.75 | K37: 1.75 | L37: 1.45 | M37: =+L37 -> 1.45 | Q37: =VLOOKUP(B37,Foglio1!AA:AD,2,FALSE) -> #N/A | R37: =VLOOKUP(B37,Foglio1!AA:AE,5,FALSE) -> #N/A | T37: =+M37*500 -> 725 | U37: =+L37*500 -> 725 | W37: 35 | Z37: 40 | AB37: =+J37*G37 -> 87.5 | AC37: =+K37*H37 -> 87.5 | AD37: =+L37*I37 -> 145
A38: 4C | B38: 111470 | C38: T0002.139 | D38: =VLOOKUP(B38,[1]!Tabella1[[Codice]:[Descrizione]],2,FALSE) -> TRASCINATORE MOLLA ESTREMO Ø85 ZEROGRADI | E38: P073 | F38: VEGGIANO | G38: 100 | H38: =+G38*4 -> 400 | I38: =+G38*10 -> 1000 | J38: 1.21 | K38: 0.97 | L38: 0.9 | M38: =+L38 -> 0.9 | Q38: =VLOOKUP(B38,Foglio1!AA:AD,2,FALSE) -> #N/A | R38: =VLOOKUP(B38,Foglio1!AA:AE,5,FALSE) -> #N/A | T38: =+M38*500 -> 450 | U38: =+L38*500 -> 450 | W38: 35 | Z38: 40 | AB38: =+J38*G38 -> 121 | AC38: =+K38*H38 -> 388 | AD38: =+L38*I38 -> 900
A39: 4C | B39: 111471 | C39: T0002.112 | D39: =VLOOKUP(B39,[1]!Tabella1[[Codice]:[Descrizione]],2,FALSE) -> TRASCINATORE MOTORE MOLLA BASE ZEROGRADI | E39: P073 | F39: VEGGIANO | G39: 100 | H39: =+G39*4 -> 400 | I39: =+G39*10 -> 1000 | J39: 0.94 | K39: 0.84 | L39: 0.76 | M39: =+L39 -> 0.76 | Q39: =VLOOKUP(B39,Foglio1!AA:AD,2,FALSE) -> #N/A | R39: =VLOOKUP(B39,Foglio1!AA:AE,5,FALSE) -> #N/A | T39: =+M39*500 -> 380 | U39: =+L39*500 -> 380 | W39: 35 | Z39: 40 | AB39: =+J39*G39 -> 94 | AC39: =+K39*H39 -> 336 | AD39: =+L39*I39 -> 760
A40: 4C | B40: 111472 | C40: T0002.119 | D40: =VLOOKUP(B40,[1]!Tabella1[[Codice]:[Descrizione]],2,FALSE) -> TRASCINATORE MOTORE MOLLA CHERUBINI P/ZEROGRADI | E40: P073 | F40: SACCOLONGO | G40: 50 | H40: 50 | I40: 100 | J40: 1.5 | K40: 1.5 | L40: 1.25 | M40: =+L40 -> 1.25 | Q40: =VLOOKUP(B40,Foglio1!AA:AD,2,FALSE) -> #N/A | R40: =VLOOKUP(B40,Foglio1!AA:AE,5,FALSE) -> #N/A | T40: =+M40*500 -> 625 | U40: =+L40*500 -> 625 | W40: 35 | Z40: 40 | AB40: =+J40*G40 -> 75 | AC40: =+K40*H40 -> 75 | AD40: =+L40*I40 -> 125
A41: 4C | B41: 111473 | C41: T0002.120 | D41: =VLOOKUP(B41,[1]!Tabella1[[Codice]:[Descrizione]],2,FALSE) -> TRASCINATORE MOTORE MOLLA NICE P/ZEROGRADI | E41: P073 | F41: SACCOLONGO | G41: 50 | H41: 50 | I41: 50 | J41: 1.8 | K41: 1.8 | L41: 1.65 | M41: =+L41 -> 1.65 | Q41: =VLOOKUP(B41,Foglio1!AA:AD,2,FALSE) -> #N/A | R41: =VLOOKUP(B41,Foglio1!AA:AE,5,FALSE) -> #N/A | T41: =+M41*500 -> 825 | U41: =+L41*500 -> 825 | W41: 35 | Z41: 40 | AB41: =+J41*G41 -> 90 | AC41: =+K41*H41 -> 90 | AD41: =+L41*I41 -> 82.5
A42: 4C | B42: 111474 | C42: T0002.121 | D42: =VLOOKUP(B42,[1]!Tabella1[[Codice]:[Descrizione]],2,FALSE) -> TRASCINATORE MOTORE MOLLA SOMFY P/ZEROGRADI | E42: P073 | F42: SACCOLONGO | G42: 50 | H42: 200 | I42: 500 | J42: 1.14 | K42: 0.99 | L42: 0.87 | M42: =+L42 -> 0.87 | Q42: =VLOOKUP(B42,Foglio1!AA:AD,2,FALSE) -> #N/A | R42: =VLOOKUP(B42,Foglio1!AA:AE,5,FALSE) -> #N/A | T42: =+M42*500 -> 435 | U42: =+L42*500 -> 435 | W42: 35 | Z42: 40 | AB42: =+J42*G42 -> 57 | AC42: =+K42*H42 -> 198 | AD42: =+L42*I42 -> 435
Q43: =VLOOKUP(B43,Foglio1!AA:AD,2,FALSE) -> #N/A | R43: =VLOOKUP(B43,Foglio1!AA:AE,5,FALSE) -> #N/A | AB43: =SUM(AB26:AB42) -> 1536.2 | AC43: =SUM(AC26:AC42) -> 4095.9 | AD43: =SUM(AD26:AD42) -> 8496.5
Q44: =VLOOKUP(B44,Foglio1!AA:AD,2,FALSE) -> #N/A | R44: =VLOOKUP(B44,Foglio1!AA:AE,5,FALSE) -> #N/A | AB44: =+AB43/50 -> 30.724 | AC44: =+AC43/200 -> 20.4795 | AD44: =+AD43/500 -> 16.993
A45: fornitore | B45: Codice | C45: disegno | D45: =VLOOKUP(B45,[1]!Tabella1[[Codice]:[Descrizione]],2,FALSE) -> #N/A | E45: colore | F45: DESTINAZIONE | G45: lotto 1 | H45: lotto 2 | I45: Lotto 3 | J45: € pz lotto 1 | K45: € pz lotto 2 | L45: € pz lotto 3 | Q45: =VLOOKUP(B45,Foglio1!AA:AD,2,FALSE) -> #N/A | R45: =VLOOKUP(B45,Foglio1!AA:AE,5,FALSE) -> #N/A | W45: LT totale (gg da ordine, escluso tutto agosto) | Z45: LT totale (gg da ordine, escludere tutto agosto) gz + vr
A46: alubrass | B46: 101031 | C46: T0002.011 | D46: =VLOOKUP(B46,[1]!Tabella1[[Codice]:[Descrizione]],2,FALSE) -> AGGANCIO CINGHIOLO GUIDA SENZA ZIP ZEROGRADI | E46: grezzo | F46: VEGGIANO | G46: 100 | H46: 400 | I46: 1000 | J46: 0.94 | K46: 0.94 | L46: 0.76 | M46: =+L46 -> 0.76 | N46: 0.23 | Q46: =VLOOKUP(B46,Foglio1!AA:AD,2,FALSE) -> #N/A | R46: =VLOOKUP(B46,Foglio1!AA:AE,5,FALSE) -> #N/A | T46: =+M46*500 -> 380 | U46: =+L46*500 -> 380 | Z46: 50 | AB46: =+J46*G46 -> 94 | AC46: =+K46*H46 -> 376 | AD46: =+L46*I46 -> 760
A47: alubrass | B47: 101032 | C47: T0002.012S | D47: =VLOOKUP(B47,[1]!Tabella1[[Codice]:[Descrizione]],2,FALSE) -> BLOCCA TELO FRONTALE DX - CON ZIP ZEROGRADI | E47: grezzo | F47: VEGGIANO | G47: 50 | H47: 200 | I47: 500 | J47: 4.169 | K47: 1.9735 | L47: 1.704 | M47: =+L47 -> 1.704 | N47: 0.25 | Q47: =VLOOKUP(B47,Foglio1!AA:AD,2,FALSE) -> #N/A | R47: =VLOOKUP(B47,Foglio1!AA:AE,5,FALSE) -> #N/A | T47: =+M47*500 -> 852 | U47: =+L47*500 -> 852 | Z47: 50 | AB47: =+J47*G47 -> 208.45 | AC47: =+K47*H47 -> 394.7 | AD47: =+L47*I47 -> 852
A48: alubrass | B48: 101033 | C48: T0002.012 | D48: =VLOOKUP(B48,[1]!Tabella1[[Codice]:[Descrizione]],2,FALSE) -> BLOCCA TELO FRONTALE SX - CON ZIP ZEROGRADI | E48: grezzo | F48: VEGGIANO | G48: 50 | H48: 200 | I48: 500 | J48: 4.169 | K48: 1.9735 | L48: 1.704 | M48: =+L48 -> 1.704 | N48: 0.25 | Q48: =VLOOKUP(B48,Foglio1!AA:AD,2,FALSE) -> #N/A | R48: =VLOOKUP(B48,Foglio1!AA:AE,5,FALSE) -> #N/A | T48: =+M48*500 -> 852 | U48: =+L48*500 -> 852 | Z48: 50 | AB48: =+J48*G48 -> 208.45 | AC48: =+K48*H48 -> 394.7 | AD48: =+L48*I48 -> 852
A49: alubrass | B49: 101034 | C49: T0002.002S | D49: =VLOOKUP(B49,[1]!Tabella1[[Codice]:[Descrizione]],2,FALSE) -> COVER TESTATA DX ZEROGRADI | E49: grezzo | F49: VEGGIANO | G49: 50 | H49: 200 | I49: 500 | J49: 6.024 | K49: 3.524 | L49: 2.824 | M49: =+L49 -> 2.824 | N49: 0.28 | Q49: =VLOOKUP(B49,Foglio1!AA:AD,2,FALSE) -> #N/A | R49: =VLOOKUP(B49,Foglio1!AA:AE,5,FALSE) -> #N/A | T49: =+M49*500 -> 1412 | U49: =+L49*500 -> 1412 | Z49: 50 | AB49: =+J49*G49 -> 301.2 | AC49: =+K49*H49 -> 704.8 | AD49: =+L49*I49 -> 1412
A50: alubrass | B50: 101035 | C50: T0002.002 | D50: =VLOOKUP(B50,[1]!Tabella1[[Codice]:[Descrizione]],2,FALSE) -> COVER TESTATA SX ZEROGRADI | E50: grezzo | F50: VEGGIANO | G50: 50 | H50: 200 | I50: 500 | J50: 6.024 | K50: 3.524 | L50: 2.824 | M50: =+L50 -> 2.824 | N50: 0.28 | Q50: =VLOOKUP(B50,Foglio1!AA:AD,2,FALSE) -> #N/A | R50: =VLOOKUP(B50,Foglio1!AA:AE,5,FALSE) -> #N/A | T50: =+M50*500 -> 1412 | U50: =+L50*500 -> 1412 | Z50: 50 | AB50: =+J50*G50 -> 301.2 | AC50: =+K50*H50 -> 704.8 | AD50: =+L50*I50 -> 1412
A51: alubrass | B51: 101036 | C51: T0002.007 | D51: =VLOOKUP(B51,[1]!Tabella1[[Codice]:[Descrizione]],2,FALSE) -> TAPPINO FINITURA GUIDA ZIP ZEROGRADI | E51: grezzo | F51: VEGGIANO | G51: 100 | H51: 400 | I51: 900 | J51: 1.988 | K51: 0.908 | L51: 0.788 | M51: =+L51 -> 0.788 | N51: 0.17 | Q51: =VLOOKUP(B51,Foglio1!AA:AD,2,FALSE) -> #N/A | R51: =VLOOKUP(B51,Foglio1!AA:AE,5,FALSE) -> #N/A | T51: =+M51*500 -> 394 | U51: =+L51*500 -> 394 | Z51: 50 | AB51: =+J51*G51 -> 198.8 | AC51: =+K51*H51 -> 363.2 | AD51: =+L51*I51 -> 709.2
A52: alubrass | B52: 101037 | C52: T0002.004L | D52: =VLOOKUP(B52,[1]!Tabella1[[Codice]:[Descrizione]],2,FALSE) -> TAPPO CON ROCCHETTO GUIDA ZIP ZEROGRADI | E52: grezzo | F52: VEGGIANO | G52: 100 | H52: 400 | I52: 900 | J52: 5.145 | K52: 3.72 | L52: 3.37 | M52: =+K52 -> 3.72 | N52: 0.3 | Q52: =VLOOKUP(B52,Foglio1!AA:AD,2,FALSE) -> #N/A | R52: =VLOOKUP(B52,Foglio1!AA:AE,5,FALSE) -> #N/A | T52: =+M52*500 -> 1860 | U52: =+L52*500 -> 1685 | Z52: 50 | AB52: =+J52*G52 -> 514.5 | AC52: =+K52*H52 -> 1488 | AD52: =+L52*I52 -> 3033
A53: alubrass | B53: 101038 | C53: T0002.010L | D53: =VLOOKUP(B53,[1]!Tabella1[[Codice]:[Descrizione]],2,FALSE) -> TAPPO CON ROCCHETTO SENZA ZIP ZEROGRADI | E53: grezzo | F53: VEGGIANO | G53: 50 | H53: 50 | I53: 200 | J53: 15.37 | K53: 7.025 | L53: 5.395 | M53: =+K53 -> 7.025 | N53: 0.5 | O53: non da listino | Q53: =VLOOKUP(B53,Foglio1!AA:AD,2,FALSE) -> #N/A | R53: =VLOOKUP(B53,Foglio1!AA:AE,5,FALSE) -> #N/A | T53: =+M53*500 -> 3512.5 | U53: =+L53*500 -> 2697.5 | Z53: 50 | AB53: =+J53*G53 -> 768.5 | AC53: =+K53*H53 -> 351.25 | AD53: =+L53*I53 -> 1079
A54: alubrass | B54: 101039 | C54: T0002.006SL1 | D54: =VLOOKUP(B54,[1]!Tabella1[[Codice]:[Descrizione]],2,FALSE) -> TAPPO FRONTALE DX ZEROGRADI | E54: grezzo | F54: VEGGIANO | G54: 50 | H54: 200 | I54: 500 | J54: 10.551 | K54: 6.211 | L54: 5.281 | M54: =+L54 -> 5.281 | N54: 0.29 | Q54: =VLOOKUP(B54,Foglio1!AA:AD,2,FALSE) -> #N/A | R54: =VLOOKUP(B54,Foglio1!AA:AE,5,FALSE) -> #N/A | T54: =+M54*500 -> 2640.5 | U54: =+L54*500 -> 2640.5 | Z54: 50 | AB54: =+J54*G54 -> 527.55 | AC54: =+K54*H54 -> 1242.2 | AD54: =+L54*I54 -> 2640.5 | AE54: =+K54*I54 -> 3105.5
A55: alubrass | B55: 101040 | C55: T0002.006L2 | D55: =VLOOKUP(B55,[1]!Tabella1[[Codice]:[Descrizione]],2,FALSE) -> TAPPO FRONTALE SX ZEROGRADI | E55: grezzo | F55: VEGGIANO | G55: 50 | H55: 200 | I55: 500 | J55: 10.551 | K55: 6.211 | L55: 5.281 | M55: =+L55 -> 5.281 | N55: 0.29 | Q55: =VLOOKUP(B55,Foglio1!AA:AD,2,FALSE) -> #N/A | R55: =VLOOKUP(B55,Foglio1!AA:AE,5,FALSE) -> #N/A | T55: =+M55*500 -> 2640.5 | U55: =+L55*500 -> 2640.5 | Z55: 50 | AB55: =+J55*G55 -> 527.55 | AC55: =+K55*H55 -> 1242.2 | AD55: =+L55*I55 -> 2640.5 | AE55: =+K55*I55 -> 3105.5
A56: alubrass | B56: 101041 | C56: T0002.001LS | D56: =VLOOKUP(B56,[1]!Tabella1[[Codice]:[Descrizione]],2,FALSE) -> TESTATA PORTANTE DX ZEROGRADI | E56: grezzo | F56: VEGGIANO | G56: 50 | H56: 200 | I56: 500 | J56: 17.569 | K56: 9.006 | L56: 7.269 | M56: =+L56 -> 7.269 | N56: 1.3 | Q56: =VLOOKUP(B56,Foglio1!AA:AD,2,FALSE) -> #N/A | R56: =VLOOKUP(B56,Foglio1!AA:AE,5,FALSE) -> #N/A | T56: =+M56*500 -> 3634.5 | U56: =+L56*500 -> 3634.5 | Z56: 50 | AB56: =+J56*G56 -> 878.45 | AC56: =+K56*H56 -> 1801.2 | AD56: =+L56*I56 -> 3634.5 | AE56: =+K56*I56 -> 4503
A57: alubrass | B57: 101042 | C57: T0002.001L | D57: =VLOOKUP(B57,[1]!Tabella1[[Codice]:[Descrizione]],2,FALSE) -> TESTATA PORTANTE SX ZEROGRADI | E57: grezzo | F57: VEGGIANO | G57: 50 | H57: 200 | I57: 500 | J57: 17.461 | K57: 9.006 | L57: 7.161 | M57: =+L57 -> 7.161 | N57: 1.3 | Q57: =VLOOKUP(B57,Foglio1!AA:AD,2,FALSE) -> #N/A | R57: =VLOOKUP(B57,Foglio1!AA:AE,5,FALSE) -> #N/A | T57: =+M57*500 -> 3580.5 | U57: =+L57*500 -> 3580.5 | Z57: 50 | AB57: =+J57*G57 -> 873.05 | AC57: =+K57*H57 -> 1801.2 | AD57: =+L57*I57 -> 3580.5 | AE57: =+K57*I57 -> 4503
Q58: =VLOOKUP(B58,Foglio1!AA:AD,2,FALSE) -> #N/A | R58: =VLOOKUP(B58,Foglio1!AA:AE,5,FALSE) -> #N/A | AB58: =SUM(AB46:AB57) -> 5401.7 | AC58: =SUM(AC46:AC57) -> 10864.25 | AD58: =SUM(AD46:AD57) -> 22605.2
Q59: =VLOOKUP(B59,Foglio1!AA:AD,2,FALSE) -> #N/A | R59: =VLOOKUP(B59,Foglio1!AA:AE,5,FALSE) -> #N/A | AB59: =+AB58/50 -> 108.034 | AC59: =+AC58/200 -> 54.32125 | AD59: =+AD58/500 -> 45.2104
A60: fornitore | B60: codice | C60: num disegno | D60: descrizione | E60: configurazione | F60: DESTINAZIONE | G60: lotto 1 | H60: lotto 2 | I60: Lotto 3 | J60: € pz lotto 1 | K60: € pz lotto 2 | L60: € pz lotto 3 | Q60: =VLOOKUP(B60,Foglio1!AA:AD,2,FALSE) -> #N/A | R60: =VLOOKUP(B60,Foglio1!AA:AE,5,FALSE) -> #N/A | V60: MOQ | W60: LT totale (gg da ordine, escluso tutto agosto)
A61: b&m | B61: 140600 | D61: AUTOFILETTANTE TSP TORX 3,9X9,5 INOX | F61: VEGGIANO | G61: 180 | H61: =+G61*4 -> 720 | I61: =+G61*10 -> 1800 | J61: 0.007416 | K61: 0.007416 | L61: 0.007416 | M61: =+L61 -> 0.007416 | Q61: =VLOOKUP(B61,Foglio1!AA:AD,2,FALSE) -> #N/A | R61: =VLOOKUP(B61,Foglio1!AA:AE,5,FALSE) -> #N/A | T61: =+M61*500 -> 3.708 | U61: =+L61*500 -> 3.708 | V61: 2000 | W61: 10 | X61: 8000 in casa ma a + e NON TORX (CODICE SBAGLIATO) | AA61: non ordinare | AB61: =+V61*L61 -> 14.832
A62: b&m | B62: 140749 | D62: GRANO EI M 6x10 PP INOX | F62: VEGGIANO | G62: 12 | H62: =+G62*4 -> 48 | I62: =+G62*10 -> 120 | J62: 0.012566 | K62: 0.012566 | L62: 0.012566 | M62: =+L62 -> 0.012566 | Q62: =VLOOKUP(B62,Foglio1!AA:AD,2,FALSE) -> #N/A | R62: =VLOOKUP(B62,Foglio1!AA:AE,5,FALSE) -> #N/A | T62: =+M62*500 -> 6.283 | U62: =+L62*500 -> 6.283 | V62: 200 | W62: 10 | X62: 1700 in casa disponibili | AA62: non ordinare | AB62: =+V62*L62 -> 2.5132
A63: b&m | B63: 146210 | D63: ANELLO ELASTICO ALBERO D14 INOX | F63: VEGGIANO | G63: 3 | H63: =+G63*4 -> 12 | I63: =+G63*10 -> 30 | J63: 0.06798 | K63: 0.06798 | L63: 0.06798 | M63: =+L63 -> 0.06798 | Q63: =VLOOKUP(B63,Foglio1!AA:AD,2,FALSE) -> #N/A | R63: =VLOOKUP(B63,Foglio1!AA:AE,5,FALSE) -> #N/A | T63: =+M63*500 -> 33.99 | U63: =+L63*500 -> 33.99 | V63: 1000 | W63: 10 | AB63: =+V63*L63 -> 67.98
A64: b&m | B64: 146419 | C64: T0002.438 | D64: CHIAVETTA DI TRASMISSIONE 4X4X25 | F64: VEGGIANO | G64: 3 | H64: =+G64*4 -> 12 | I64: =+G64*10 -> 30 | J64: 0.1449 | K64: 0.1449 | L64: 0.1449 | M64: =+L64 -> 0.1449 | Q64: =VLOOKUP(B64,Foglio1!AA:AD,2,FALSE) -> #N/A | R64: =VLOOKUP(B64,Foglio1!AA:AE,5,FALSE) -> #N/A | T64: =+M64*500 -> 72.45 | U64: =+L64*500 -> 72.45 | V64: 100 | W64: 10 | X64: ord 50 | Y64: rivedere qty offerta | AB64: =+V64*L64 -> 14.49
A65: b&m | B65: 146421 | C65: DIN 914 | D65: GRANO EI PUNTA CONICA M8x20 INOX | F65: VEGGIANO | G65: 215 | H65: =+G65*4 -> 860 | I65: =+G65*10 -> 2150 | J65: 0.04944 | K65: 0.04944 | L65: 0.04944 | M65: =+L65 -> 0.04944 | Q65: =VLOOKUP(B65,Foglio1!AA:AD,2,FALSE) -> #N/A | R65: =VLOOKUP(B65,Foglio1!AA:AE,5,FALSE) -> #N/A | T65: =+M65*500 -> 24.72 | U65: =+L65*500 -> 24.72 | V65: 200 | W65: 10 | X65: ord 400 | Y65: rivedere qty offerta | AB65: =+V65*L65 -> 9.888
A66: b&m | B66: 146422 | C66: ISO 2338 | D66: SPINA CILINDRICA 4x8 INOX | F66: VEGGIANO | G66: 130 | H66: =+G66*4 -> 520 | I66: =+G66*10 -> 1300 | J66: 0.029664 | K66: 0.029664 | L66: 0.029664 | M66: =+L66 -> 0.029664 | Q66: =VLOOKUP(B66,Foglio1!AA:AD,2,FALSE) -> #N/A | R66: =VLOOKUP(B66,Foglio1!AA:AE,5,FALSE) -> #N/A | T66: =+M66*500 -> 14.832 | U66: =+L66*500 -> 14.832 | V66: 1400 | W66: 10 | AB66: =+V66*L66 -> 41.5296
A67: b&m | B67: 146426 | C67: DIN EN ISO 4762 | D67: VITE TCEI M5x50 INOX | F67: VEGGIANO | G67: 15 | H67: =+G67*4 -> 60 | I67: =+G67*10 -> 150 | J67: 0.05253 | K67: 0.05253 | L67: 0.05253 | M67: =+L67 -> 0.05253 | Q67: =VLOOKUP(B67,Foglio1!AA:AD,2,FALSE) -> #N/A | R67: =VLOOKUP(B67,Foglio1!AA:AE,5,FALSE) -> #N/A | T67: =+M67*500 -> 26.265 | U67: =+L67*500 -> 26.265 | V67: 150 | W67: 10 | AB67: =+V67*L67 -> 7.8795
A68: b&m | B68: 146430 | C68: DIN ISO 10642 | D68: VITE TSPEI M4x12 INOX | F68: VEGGIANO | G68: 158 | H68: =+G68*4 -> 632 | I68: =+G68*10 -> 1580 | J68: 0.009064 | K68: 0.009064 | L68: 0.009064 | M68: =+L68 -> 0.009064 | Q68: =VLOOKUP(B68,Foglio1!AA:AD,2,FALSE) -> #N/A | R68: =VLOOKUP(B68,Foglio1!AA:AE,5,FALSE) -> #N/A | T68: =+M68*500 -> 4.532 | U68: =+L68*500 -> 4.532 | V68: 2000 | W68: 10 | AB68: =+V68*L68 -> 18.128
A69: b&m | B69: 146431 | C69: DIN ISO 10642 | D69: VITE TSPEI M5x20 INOX | F69: VEGGIANO | G69: 800 | H69: =+G69*4 -> 3200 | I69: =+G69*10 -> 8000 | J69: 0.0298 | K69: 0.0298 | L69: 0.0298 | M69: =+L69 -> 0.0298 | Q69: =VLOOKUP(B69,Foglio1!AA:AD,2,FALSE) -> #N/A | R69: =VLOOKUP(B69,Foglio1!AA:AE,5,FALSE) -> #N/A | T69: =+M69*500 -> 14.9 | U69: =+L69*500 -> 14.9 | V69: 500 | W69: 10 | X69: ord 1000 | Y69: rivedere qty offerta | AB69: =+V69*L69 -> 14.9
A70: b&m | B70: 146425 | C70: DIN EN ISO 4762 | D70: VITE TCEI M10x50 INOX | F70: SACCOLONGO | G70: 100 | H70: 400 | I70: =+G70*10 -> 1000 | J70: 0.1611744 | K70: 0.1611744 | L70: 0.1611744 | M70: =+L70 -> 0.1611744 | Q70: =VLOOKUP(B70,Foglio1!AA:AD,2,FALSE) -> #N/A | R70: =VLOOKUP(B70,Foglio1!AA:AE,5,FALSE) -> #N/A | T70: =+M70*500 -> 80.5872 | U70: =+L70*500 -> 80.5872 | V70: 1000 | W70: 10 | Y70: rivedere qty offerta | AB70: =+V70*L70 -> 161.1744
A71: b&m | B71: 146428 | C71: 3GE02.036 | D71: VITE TRILOBATA TSPEI M5x12 INOX | F71: SACCOLONGO | G71: 50 | H71: 200 | I71: =+G71*10 -> 500 | J71: 0.030488 | K71: 0.030488 | L71: 0.030488 | M71: =+L71 -> 0.030488 | Q71: =VLOOKUP(B71,Foglio1!AA:AD,2,FALSE) -> #N/A | R71: =VLOOKUP(B71,Foglio1!AA:AE,5,FALSE) -> #N/A | T71: =+M71*500 -> 15.244 | U71: =+L71*500 -> 15.244 | V71: 500 | W71: 10 | AB71: =+V71*L71 -> 15.244
A72: b&m | B72: 146429 | C72: 3GE02.038 | D72: VITE TRILOBATA TSPEI M5x8 INOX | F72: SACCOLONGO | G72: 400 | H72: 1600 | I72: =+G72*10 -> 4000 | J72: 0.0212592 | K72: 0.0212592 | L72: 0.0212592 | M72: =+L72 -> 0.0212592 | Q72: =VLOOKUP(B72,Foglio1!AA:AD,2,FALSE) -> #N/A | R72: =VLOOKUP(B72,Foglio1!AA:AE,5,FALSE) -> #N/A | T72: =+M72*500 -> 10.6296 | U72: =+L72*500 -> 10.6296 | V72: 4000 | W72: 10 | AB72: =+V72*L72 -> 85.0368
A73: b&m | B73: 146157 | D73: AUTOFILETTANTE TSP TORX 4,8x19 INOX | F73: VEGGIANO | H73: 800 | J73: 0.344 | K73: 0.344 | L73: 0.344 | M73: =+L73 -> 0.344 | Q73: =VLOOKUP(B73,Foglio1!AA:AD,2,FALSE) -> #N/A | R73: =VLOOKUP(B73,Foglio1!AA:AE,5,FALSE) -> #N/A | T73: =+M73*500 -> 172 | U73: =+L73*500 -> 172 | V73: 1000 | W73: 15 | Y73: rivedere qty offerta | AB73: =+V73*L73 -> 344
A74: b&m | B74: 146436 | C74: DIN ISO 10642VITE TSPEI M 5x16 INOX | F74: VEGGIANO | H74: 800 | J74: 0.0212 | K74: 0.0212 | L74: 0.0212 | M74: =+L74 -> 0.0212 | Q74: =VLOOKUP(B74,Foglio1!AA:AD,2,FALSE) -> #N/A | R74: =VLOOKUP(B74,Foglio1!AA:AE,5,FALSE) -> #N/A | T74: =+M74*500 -> 10.6 | U74: =+L74*500 -> 10.6 | V74: 800 | W74: 10 | AB74: =+V74*L74 -> 16.96
A75: b&m | B75: 146440 | D75: GRANO EI M 8x50 PC INOX | F75: VEGGIANO | H75: 400 | J75: 0.0212 | K75: 0.0212 | L75: 0.0212 | M75: =+L75 -> 0.0212 | Q75: =VLOOKUP(B75,Foglio1!AA:AD,2,FALSE) -> #N/A | R75: =VLOOKUP(B75,Foglio1!AA:AE,5,FALSE) -> #N/A | T75: =+M75*500 -> 10.6 | U75: =+L75*500 -> 10.6 | V75: 500 | W75: 10 | AB75: =+V75*L75 -> 10.6
A76: b&m | B76: 146251 | E76: aggiunte da Valentina | F76: VEGGIANO | G76: attendo qty da Valentina | L76: 0.11 | M76: =+L76 -> 0.11 | Q76: =VLOOKUP(B76,Foglio1!AA:AD,2,FALSE) -> #N/A | R76: =VLOOKUP(B76,Foglio1!AA:AE,5,FALSE) -> #N/A | T76: =+M76*500 -> 55 | U76: =+L76*500 -> 55 | AB76: =SUM(AB61:AB75) -> 825.1555
A77: b&m | B77: 140597 | E77: aggiunte da Valentina | F77: VEGGIANO | G77: attendo qty da Valentina | L77: 0.048 | M77: =+L77 -> 0.048 | Q77: =VLOOKUP(B77,Foglio1!AA:AD,2,FALSE) -> #N/A | R77: =VLOOKUP(B77,Foglio1!AA:AE,5,FALSE) -> #N/A | T77: =+M77*500 -> 24 | U77: =+L77*500 -> 24
Q78: =VLOOKUP(B78,Foglio1!AA:AD,2,FALSE) -> #N/A | R78: =VLOOKUP(B78,Foglio1!AA:AE,5,FALSE) -> #N/A | T78: =+M78*500 -> 0 | U78: =+L78*500 -> 0
Q79: =VLOOKUP(B79,Foglio1!AA:AD,2,FALSE) -> #N/A | R79: =VLOOKUP(B79,Foglio1!AA:AE,5,FALSE) -> #N/A | T79: =+M79*500 -> 0 | U79: =+L79*500 -> 0
Q80: =VLOOKUP(B80,Foglio1!AA:AD,2,FALSE) -> #N/A | R80: =VLOOKUP(B80,Foglio1!AA:AE,5,FALSE) -> #N/A | T80: =+M80*500 -> 0 | U80: =+L80*500 -> 0
A81: fornitore | B81: codice | C81: num disegno | D81: descrizione | E81: configurazione | F81: DESTINAZIONE | G81: lotto 1 | H81: lotto 2 | I81: Lotto 3 | J81: € pz lotto 1 | K81: € pz lotto 2 | L81: € pz lotto 3 | Q81: =VLOOKUP(B81,Foglio1!AA:AD,2,FALSE) -> #N/A | R81: =VLOOKUP(B81,Foglio1!AA:AE,5,FALSE) -> #N/A | T81: =+M81*500 -> 0 | U81: =+L81*500 -> #VALUE! | W81: LT totale (gg da ordine, escluso tutto agosto) | X81: non trasmesso
A82: cherubini | B82: 260055 | D82: ARGANELLO COPPIA CONICA 3:1 | F82: VEGGIANO | G82: 25 | H82: lotto minimo 25 | J82: 8.52 | K82: 8.52 | L82: 8.52 | M82: =+L82 -> 8.52 | Q82: =VLOOKUP(B82,Foglio1!AA:AD,2,FALSE) -> #N/A | R82: =VLOOKUP(B82,Foglio1!AA:AE,5,FALSE) -> #N/A | T82: =+M82*500 -> 4260 | U82: =+L82*500 -> 4260 | W82: 15 | AB82: =+G82*J82 -> 213
Q83: =VLOOKUP(B83,Foglio1!AA:AD,2,FALSE) -> #N/A | R83: =VLOOKUP(B83,Foglio1!AA:AE,5,FALSE) -> #N/A | T83: =+M83*500 -> 0 | U83: =+L83*500 -> 0
Q84: =VLOOKUP(B84,Foglio1!AA:AD,2,FALSE) -> #N/A | R84: =VLOOKUP(B84,Foglio1!AA:AE,5,FALSE) -> #N/A | T84: =+M84*500 -> 0 | U84: =+L84*500 -> 0
A85: Fornitore | B85: Codice | C85: num disegno | D85: Descrizione | E85: configurazione | F85: DESTINAZIONE | G85: lotto 1 | H85: lotto 2 | I85: Lotto 3 | J85: € pz lotto 1 | K85: € pz lotto 2 | L85: € pz lotto 3 | Q85: =VLOOKUP(B85,Foglio1!AA:AD,2,FALSE) -> #N/A | R85: =VLOOKUP(B85,Foglio1!AA:AE,5,FALSE) -> #N/A | T85: =+M85*500 -> 0 | U85: =+L85*500 -> #VALUE! | W85: LT totale (gg da ordine)
A86: Eri | B86: 131376 | C86: T0002.436 | D86: CHIOCCIOLA DI SOLLEVAMENTO GAMBA TELESCOPICA ZEROGRADI | E86: P000 | F86: VEGGIANO | G86: 3 | H86: =+G86*4 -> 12 | I86: =+G86*10 -> 30 | K86: 9.3 | L86: 8.6 | Q86: =VLOOKUP(B86,Foglio1!AA:AD,2,FALSE) -> #N/A | R86: =VLOOKUP(B86,Foglio1!AA:AE,5,FALSE) -> #N/A | T86: =+M86*500 -> 0 | U86: =+L86*500 -> 4300 | W86: 30 | X86: scelto megaveneto | AB86: =+H86*K86 -> 111.6
A87: Eri | B87: 131399 | C87: T0002.445 | D87: PIASTRINO INF BLOCCA TELO ZIP | E87: P073 | F87: VEGGIANO | G87: 90 | H87: =+G87*4 -> 360 | I87: =+G87*10 -> 900 | K87: 0.52 | L87: 0.46 | M87: =+L87 -> 0.46 | Q87: =VLOOKUP(B87,Foglio1!AA:AD,2,FALSE) -> #N/A | R87: =VLOOKUP(B87,Foglio1!AA:AE,5,FALSE) -> #N/A | T87: =+M87*500 -> 230 | U87: =+L87*500 -> 230 | W87: 30 | AB87: =+H87*K87 -> 187.2
Q88: =VLOOKUP(B88,Foglio1!AA:AD,2,FALSE) -> #N/A | R88: =VLOOKUP(B88,Foglio1!AA:AE,5,FALSE) -> #N/A | T88: =+M88*500 -> 0 | U88: =+L88*500 -> 0 | AB88: =SUM(AB86:AB87) -> 298.8
Q89: =VLOOKUP(B89,Foglio1!AA:AD,2,FALSE) -> #N/A | R89: =VLOOKUP(B89,Foglio1!AA:AE,5,FALSE) -> #N/A | T89: =+M89*500 -> 0 | U89: =+L89*500 -> 0
A90: Fornitore | B90: Codice | C90: num disegno | D90: Descrizione | E90: configurazione | F90: DESTINAZIONE | G90: lotto 1 | H90: lotto 2 | I90: Lotto 3 | J90: € pz lotto 1 | K90: € pz lotto 2 | L90: € pz lotto 3 | Q90: =VLOOKUP(B90,Foglio1!AA:AD,2,FALSE) -> #N/A | R90: =VLOOKUP(B90,Foglio1!AA:AE,5,FALSE) -> #N/A | T90: =+M90*500 -> 0 | U90: =+L90*500 -> #VALUE! | W90: LT totale (gg da ordine)
A91: erreti | B91: 220045 | C91: T0002.512 | D91: CINGHIA DI TENSIONAMENTO 12X1 MONOASOLA | F91: SACCOLONGO | G91: 100 | H91: =+G91*4 -> 400 | I91: =+G91*10 -> 1000 | J91: 6.75 | K91: 6.75 | L91: 6 | M91: =+L91 -> 6 | Q91: =VLOOKUP(B91,Foglio1!AA:AD,2,FALSE) -> #N/A | R91: =VLOOKUP(B91,Foglio1!AA:AE,5,FALSE) -> #N/A | T91: =+M91*500 -> 3000 | U91: =+L91*500 -> 3000 | W91: 21 | AB91: =+H91*K91 -> 2700
Q92: =VLOOKUP(B92,Foglio1!AA:AD,2,FALSE) -> #N/A | R92: =VLOOKUP(B92,Foglio1!AA:AE,5,FALSE) -> #N/A | T92: =+M92*500 -> 0 | U92: =+L92*500 -> 0
Q93: =VLOOKUP(B93,Foglio1!AA:AD,2,FALSE) -> #N/A | R93: =VLOOKUP(B93,Foglio1!AA:AE,5,FALSE) -> #N/A | T93: =+M93*500 -> 0 | U93: =+L93*500 -> 0
A94: Fornitore | B94: Codice | C94: num disegno | D94: Descrizione | E94: COLORE | F94: DESTINAZIONE | G94: lotto 1 | H94: lotto 2 | I94: Lotto 3 | J94: € pz lotto 1 | K94: € pz lotto 2 | L94: € pz lotto 3 | Q94: =VLOOKUP(B94,Foglio1!AA:AD,2,FALSE) -> #N/A | R94: =VLOOKUP(B94,Foglio1!AA:AE,5,FALSE) -> #N/A | T94: =+M94*500 -> 0 | U94: =+L94*500 -> #VALUE! | W94: LT totale (gg da ordine)
A95: Fastpoint | B95: 260053 | C95: 3VA10.045 | D95: MANOVELLA GAMBA TELESCOPICA ZEROGRADI | E95: NERO | F95: SACCOLONGO | G95: 3 | H95: =+G95*4 -> 12 | I95: =+G95*10 -> 30 | J95: 11.85 | K95: 11.85 | L95: 11.85 | M95: =+L95 -> 11.85 | Q95: =VLOOKUP(B95,Foglio1!AA:AD,2,FALSE) -> #N/A | R95: =VLOOKUP(B95,Foglio1!AA:AE,5,FALSE) -> #N/A | T95: =+M95*500 -> 5925 | U95: =+L95*500 -> 5925 | V95: lotto 1 pz | W95: 40 | AB95: =+G95*J95 -> 35.55 | AC95: =+H95*K95 -> 142.2 | AD95: =+I95*L95 -> 355.5
A96: Fastpoint | B96: 320111 | C96: 3VA10.050 | D96: PIEDINO ADESIVO PARACOLPI 12.7x3.5 | E96: TRASPARENTE | F96: SACCOLONGO | G96: 250 | H96: =+G96*4 -> 1000 | I96: =+G96*10 -> 2500 | L96: 0.05866 | M96: =+L96 -> 0.05866 | Q96: =VLOOKUP(B96,Foglio1!AA:AD,2,FALSE) -> #N/A | R96: =VLOOKUP(B96,Foglio1!AA:AE,5,FALSE) -> #N/A | T96: =+M96*500 -> 29.33 | U96: =+L96*500 -> 29.33 | V96: lotto 3000 | W96: 21 | AB96: =+G96*J96 -> 0 | AC96: =+H96*K96 -> 0 | AD96: =+I96*L96 -> 146.65
A97: Fastpoint | B97: 111458 | C97: 3VA10.049 | D97: PASSACAVO MORBIDO 14X8X10 SP3 | E97: NERO | F97: VEGGIANO | G97: 100 | H97: =+G97*4 -> 400 | I97: =+G97*10 -> 1000 | L97: 0.03907 | M97: =+L97 -> 0.03907 | Q97: =VLOOKUP(B97,Foglio1!AA:AD,2,FALSE) -> #N/A | R97: =VLOOKUP(B97,Foglio1!AA:AE,5,FALSE) -> #N/A | T97: =+M97*500 -> 19.535 | U97: =+L97*500 -> 19.535 | W97: 40 | AB97: =+G97*J97 -> 0 | AC97: =+H97*K97 -> 0 | AD97: =+I97*L97 -> 39.07
A98: Fastpoint | B98: 111489 | C98: 3VA10.051 | D98: RONDELLA DISTANZ 28X18.2 H4.5 | E98: NERO | F98: VEGGIANO | G98: 190 | H98: =+G98*4 -> 760 | I98: =+G98*10 -> 1900 | K98: 0.10241 | M98: =+K98 -> 0.10241 | Q98: =VLOOKUP(B98,Foglio1!AA:AD,2,FALSE) -> #N/A | R98: =VLOOKUP(B98,Foglio1!AA:AE,5,FALSE) -> #N/A | T98: =+M98*500 -> 51.205 | U98: =+L98*500 -> 0 | V98: lotto 1000 | W98: 40 | AB98: =+G98*J98 -> 0 | AC98: =+H98*K98 -> 77.8316 | AD98: =+I98*L98 -> 0
A99: Fastpoint | B99: 320048 | C99: 3VA10.012 | D99: CLIP DENTELLATA Ø15X17.7 FORO Ø5 | E99: NERO | F99: VEGGIANO | G99: 200 | H99: =+G99*4 -> 800 | I99: =+G99*10 -> 2000 | K99: 0.04267 | M99: =+K99 -> 0.04267 | Q99: =VLOOKUP(B99,Foglio1!AA:AD,2,FALSE) -> #N/A | R99: =VLOOKUP(B99,Foglio1!AA:AE,5,FALSE) -> #N/A | T99: =+M99*500 -> 21.335 | U99: =+L99*500 -> 0 | V99: 1000 in casa - lotto 1000 pz | W99: 40 | AB99: =+G99*J99 -> 0 | AC99: =+H99*K99 -> 34.136 | AD99: =+I99*L99 -> 0
Q100: =VLOOKUP(B100,Foglio1!AA:AD,2,FALSE) -> #N/A | R100: =VLOOKUP(B100,Foglio1!AA:AE,5,FALSE) -> #N/A | T100: =+M100*500 -> 0 | U100: =+L100*500 -> 0
...

Sheet Foglio2
D1: in giallo prezzo da inserire a listino x codognini
A2: Fornitore | B2: Codice | C2: disegno | D2: descrizione | E2: FINITURA | F2: prezzo da inserire a listino forn | G2: costo verniciatura | H2: valore alluminio mozzicone | I2: profilo da cui si ricava | J2: misura (mm) | K2: peso metro | L2: peso pz | M2: Le configurazioni | N2: costo totale articolo
A3: CPA | B3: 090364 | C3: T0002.206A | D3: SUPPORTO CASSONETTO SUPERIORE ZEROGRADI | E3: ANODIZZATO | F3: 5.22 | G3: arriva già così | H3: 0.4374 | I3: 010608 | J3: 60 | K3: 1.62 | L3: 0.0972 | M3: 0050 | N3: =+F3+H3 -> 5.6574
A4: CPA | B4: 131401 | C4: T0002.452 | D4: BLOCCA MOTORE SUPERIORE | E4: ANODIZZATO | F4: 7.26 | G4: arriva già così | H4: #N/A | I4: #N/A | J4: #N/A | K4: #N/A | L4: #N/A | M4: 0050
A5: CPA | B5: 131386 | C5: T0002.411 | D5: PIASTRA ANCORAGGIO GUIDA MENSOLA ANGOLARE ZEROGRADI | E5: GREZZO | F5: 3.25 | G5: verificare se va verniciata a commessa | H5: #N/A | I5: #N/A | J5: #N/A | K5: #N/A | L5: #N/A | M5: 0000 + colori mag
A6: CPA | B6: 131388 | C6: T0002.433 | D6: SNODO GAMBA-GUIDA LATO GAMBA ZEROGRADI | E6: GREZZO | F6: 40 | G6: 0.26 | H6: #N/A | I6: #N/A | J6: #N/A | K6: #N/A | L6: #N/A | M6: 0000 + colori mag | N6: =+F6+G6 -> 40.26
A7: CPA | B7: 131389 | C7: T0002.435 | D7: SNODO GAMBA-GUIDA LATO GUIDA ZEROGRADI | E7: GREZZO | F7: 12.14 | G7: 0.25 | H7: #N/A | I7: #N/A | J7: #N/A | K7: #N/A | L7: #N/A | M7: 0000 + colori mag | N7: =+F7+G7 -> 12.39
A8: CPA | B8: 131390 | C8: T0002.453 | D8: STAFFETTA SUPPORTO TENSIONATORE ZEROGRADI | E8: ANODIZZATO | F8: 7.22 | G8: arriva già così | H8: #N/A | I8: #N/A | J8: #N/A | K8: #N/A | L8: #N/A | M8: 0050
A9: CPA | B9: 090359 | C9: T0002.246A | D9: AGGANCIO CASSONETTO PARETE ROTABILE LAVORATO ZEROGRADI | E9: ANODIZZATO | F9: 5.15 | G9: arriva già così | H9: 0.463725 | I9: 010629 | J9: 90 | K9: 1.145 | L9: 0.10305 | M9: 0050
A10: CPA | B10: 090361 | C10: T0002.217A | D10: ANCORAGGIO GUIDA ZEROGRADI | E10: GREZZO | F10: 3.36 | G10: 0.17 | H10: 0.18225 | I10: 010617 | J10: 45 | K10: 0.9 | L10: 0.0405 | M10: 0000 + colori mag | N10: =+F10+G10+H10 -> 3.71225
A11: CPA | B11: 090362 | C11: T0002.249A | D11: ANTI SOLLEVAMENTO SUPPORTO PARETE ROTABILE LAVORATO ZEROGRADI | E11: ANODIZZATO | F11: 3.4 | G11: arriva già così | H11: 0.226395 | I11: 010637 | J11: 90 | K11: 0.559 | L11: 0.05031 | M11: 0050
A12: CPA | B12: 090363 | C12: T0002.220A | D12: SUPPORTINO TETTUCCIO LAVORATO ZEROGRADI | E12: ANODIZZATO | F12: 3.7 | G12: arriva già così | H12: 0.128304 | I12: 010619 | J12: 32 | K12: 0.891 | L12: 0.028512 | M12: 0050
A13: CPA | B13: 090365 | C13: T0002.245A | D13: SUPPORTO PARETE ANCORABILE ROTABILE LAVORATO ZEROGRADI | E13: ANODIZZATO | F13: 9.75 | G13: arriva già così | H13: 4.32378 | I13: 010639 | J13: 180 | K13: 5.338 | L13: 0.96084 | M13: 0050
A14: CPA | B14: 131374 | C14: T0002.232A | D14: ANCORAMENTO TETTUCCIO SUPPORTO PARETE ZEROGRADI | E14: ANODIZZATO | F14: 8.7 | G14: 0.25 | H14: #N/A | I14: #N/A | J14: #N/A | K14: #N/A | L14: #N/A | M14: 0050 | N14: =+F14+G14 -> 8.95
A15: CPA | B15: 131375 | C15: T0002.417 | D15: BASAMENTO RINVIO ANGOLARE GAMBA TELESCOPICA ZEROGRADI | E15: GREZZO | F15: 18 | G15: resta gz | H15: #N/A | I15: #N/A | J15: #N/A | K15: #N/A | L15: #N/A | M15: 0000
A16: CPA | B16: 131377 | C16: T0002.426 | D16: DISCO FINECORSA GAMBA TELESCOPICA ZEROGRADI | E16: GREZZO | F16: 20 | G16: resta gz | H16: #N/A | I16: #N/A | J16: #N/A | K16: #N/A | L16: #N/A | M16: 0000
A17: CPA | B17: 131391 | C17: T0002.431 | D17: SUPPORTO FRANGITRATTA STATICO ZEROGRADI | E17: ANODIZZATO | F17: 9.32 | G17: non c'è a sistema | H17: #N/A | I17: #N/A | J17: #N/A | K17: #N/A | L17: #N/A | M17: 0050
A18: CPA | B18: 131403 | C18: T0002.455S | D18: TAPPO CASSONETTO VOLANT DX | E18: GREZZO | F18: 40 | G18: a commessa-non ho il costo | H18: #N/A | I18: #N/A | J18: #N/A | K18: #N/A | L18: #N/A | M18: 0000 + colori mag
A19: CPA | B19: 131404 | C19: T0002.455 | D19: TAPPO CASSONETTO VOLANT SX | E19: GREZZO | F19: 40 | G19: a commessa-non ho il costo | H19: #N/A | I19: #N/A | J19: #N/A | K19: #N/A | L19: #N/A | M19: 0000 + colori mag
A20: CPA | B20: 131405 | C20: T0002.456 | D20: PIN COLLEGAMENTO VOLANT LAVORATO | E20: ANODIZZATO | F20: 7.96 | G20: arriva già così | H20: #N/A | I20: #N/A | J20: #N/A | K20: #N/A | L20: #N/A | M20: 0050
A21: CPA | B21: 131406 | C21: T0002.457 | D21: SUPPORTO INTERMEDIO TETTUCCIO | E21: ANODIZZATO | F21: 11 | G21: arriva già così | H21: #N/A | I21: #N/A | J21: #N/A | K21: #N/A | L21: #N/A | M21: 0050
A22: 4C | B22: 111459 | C22: 3GE40.005 | D22: ROTELLA TERMINALE ANTI SCAVALLAMENTO ZEROGRADI | E22: P073 | F22: 0.36 | N22: =+F22 -> 0.36
A23: 4C | B23: 111460 | C23: T0002.137 | D23: AVVOLGICINGHIA CHIUSURA LATO FOLLE ZEROGRADI | E23: P073 | F23: 0.74 | N23: =+F23 -> 0.74
A24: 4C | B24: 111461 | C24: T0002.138 | D24: AVVOLGICINGHIA CHIUSURA LATO MOTORE ZEROGRADI | E24: P073 | F24: 0.51 | N24: =+F24 -> 0.51
A25: 4C | B25: 111462 | C25: T0002.136 | D25: AVVOLGICINGHIA CORONA ESTERNA ZEROGRADI | E25: P073 | F25: 1.08 | N25: =+F25 -> 1.08
A26: 4C | B26: 111463 | C26: T0002.135 | D26: AVVOLGICINGHIA SEMISUPPORTO PRINCIPALE ZEROGRADI | E26: P073 | F26: 0.53 | N26: =+F26 -> 0.53
A27: 4C | B27: 111464 | C27: T0002.115 | D27: GUSCIO SUPPORTO MOLLA LATO INTERNO ZEROGRADI | E27: P073 | F27: 0.68 | N27: =+F27 -> 0.68
A28: 4C | B28: 111465 | C28: T0002.141 | D28: PROTEGGI TELO FRANGITRATTA ZEROGRADI | E28: P134 | F28: 0.32 | N28: =+F28 -> 0.32
A29: 4C | B29: 111466 | C29: T0002.129 | D29: ROTELLA CARRELLO-RINVIO ZEROGRADI | E29: P073 | F29: 0.15 | N29: =+F29 -> 0.15
A30: 4C | B30: 111467 | C30: T0002.150 | D30: TAPPINO ANCORAGGIO GUIDA ZEROGRADI | E30: P134 | F30: 0.16 | N30: =+F30 -> 0.16
A31: 4C | B31: 111468 | C31: T0002.133 | D31: TAPPO CHIUSURA SUPERIORE GAMBA TELESCOPICA ZEROGRADI | E31: P134 | F31: 1.45 | N31: =+F31 -> 1.45
A32: 4C | B32: 111470 | C32: T0002.139 | D32: TRASCINATORE MOLLA ESTREMO Ø85 ZEROGRADI | E32: P073 | F32: 0.9 | N32: =+F32 -> 0.9
A33: 4C | B33: 111471 | C33: T0002.112 | D33: TRASCINATORE MOTORE MOLLA BASE ZEROGRADI | E33: P073 | F33: 0.76 | N33: =+F33 -> 0.76
... A36: 4C | B36: 111474 | C36: T0002.121 | D36: TRASCINATORE MOTORE MOLLA SOMFY P/ZEROGRADI | E36: P073 | F36: 0.87 | N36: =+F36 -> 0.87
A37: alubrass | B37: 101031 | C37: T0002.011 | D37: AGGANCIO CINGHIOLO GUIDA SENZA ZIP ZEROGRADI | E37: grezzo | F37: 0.76 | G37: 0.23 | N37: =+F37+G37 -> 0.99
A38: alubrass | B38: 101032 | C38: T0002.012S | D38: BLOCCA TELO FRONTALE DX - CON ZIP ZEROGRADI | E38: grezzo | F38: 1.704 | G38: 0.25 | N38: =+F38+G38 -> 1.954
A39: alubrass | B39: 101033 | C39: T0002.012 | D39: BLOCCA TELO FRONTALE SX - CON ZIP ZEROGRADI | E39: grezzo | F39: 1.704 | G39: 0.25 | N39: =+F39+G39 -> 1.954
A40: alubrass | B40: 101034 | C40: T0002.002S | D40: COVER TESTATA DX ZEROGRADI | E40: grezzo | F40: 2.824 | G40: 0.28 | N40: =+F40+G40 -> 3.104
A41: alubrass | B41: 101035 | C41: T0002.002 | D41: COVER TESTATA SX ZEROGRADI | E41: grezzo | F41: 2.824 | G41: 0.28 | N41: =+F41+G41 -> 3.104
A42: alubrass | B42: 101036 | C42: T0002.007 | D42: TAPPINO FINITURA GUIDA ZIP ZEROGRADI | E42: grezzo | F42: 0.788 | G42: 0.17 | N42: =+F42+G42 -> 0.958
A43: alubrass | B43: 101037 | C43: T0002.004L | D43: TAPPO CON ROCCHETTO GUIDA ZIP ZEROGRADI | E43: grezzo | F43: 3.72 | G43: 0.3 | N43: =+F43+G43 -> 4.02
A44: alubrass | B44: 101038 | C44: T0002.010L | D44: TAPPO CON ROCCHETTO SENZA ZIP ZEROGRADI | E44: grezzo | F44: 7.025 | G44: 0.5 | H44: non da listino | N44: =+F44+G44 -> 7.525
A45: alubrass | B45: 101039 | C45: T0002.006SL1 | D45: TAPPO FRONTALE DX ZEROGRADI | E45: grezzo | F45: 5.281 | G45: 0.29 | N45: =+F45+G45 -> 5.571
A46: alubrass | B46: 101040 | C46: T0002.006L2 | D46: TAPPO FRONTALE SX ZEROGRADI | E46: grezzo | F46: 5.281 | G46: 0.29 | N46: =+F46+G46 -> 5.571
A47: alubrass | B47: 101041 | C47: T0002.001LS | D47: TESTATA PORTANTE DX ZEROGRADI | E47: grezzo | F47: 7.269 | G47: 1.3 | N47: =+F47+G47 -> 8.569
A48: alubrass | B48: 101042 | C48: T0002.001L | D48: TESTATA PORTANTE SX ZEROGRADI | E48: grezzo | F48: 7.161 | G48: 1.3 | N48: =+F48+G48 -> 8.461
A49: b&m | B49: 140600 | D49: AUTOFILETTANTE TSP TORX 3,9X9,5 INOX | F49: 0.007416 | M49: 8000 in casa ma a + e NON TORX (CODICE SBAGLIATO) | N49: =+F49 -> 0.007416
A50: b&m | B50: 140749 | D50: GRANO EI M 6x10 PP INOX | F50: 0.012566 | M50: 1700 in casa disponibili | N50: =+F50 -> 0.012566
A51: b&m | B51: 146210 | D51: ANELLO ELASTICO ALBERO D14 INOX | F51: 0.06798 | N51: =+F51 -> 0.06798
A52: b&m | B52: 146419 | C52: T0002.438 | D52: CHIAVETTA DI TRASMISSIONE 4X4X25 | F52: 0.1449 | M52: ord 50 | N52: =+F52 -> 0.1449
A53: b&m | B53: 146421 | C53: DIN 914 | D53: GRANO EI PUNTA CONICA M8x20 INOX | F53: 0.04944 | M53: ord 400 | N53: =+F53 -> 0.04944
A54: b&m | B54: 146422 | C54: ISO 2338 | D54: SPINA CILINDRICA 4x8 INOX | F54: 0.029664 | N54: =+F54 -> 0.029664
A55: b&m | B55: 146426 | C55: DIN EN ISO 4762 | D55: VITE TCEI M5x50 INOX | F55: 0.05253 | N55: =+F55 -> 0.05253
A56: b&m | B56: 146430 | C56: DIN ISO 10642 | D56: VITE TSPEI M4x12 INOX | F56: 0.009064 | N56: =+F56 -> 0.009064
A57: b&m | B57: 146431 | C57: DIN ISO 10642 | D57: VITE TSPEI M5x20 INOX | F57: 0.0298 | M57: ord 1000 | N57: =+F57 -> 0.0298
A58: b&m | B58: 146425 | C58: DIN EN ISO 4762 | D58: VITE TCEI M10x50 INOX | F58: 0.1611744 | N58: =+F58 -> 0.1611744
A59: b&m | B59: 146428 | C59: 3GE02.036 | D59: VITE TRILOBATA TSPEI M5x12 INOX | F59: 0.030488 | N59: =+F59 -> 0.030488
A60: b&m | B60: 146429 | C60: 3GE02.038 | D60: VITE TRILOBATA TSPEI M5x8 INOX | F60: 0.0212592 | N60: =+F60 -> 0.0212592
A61: b&m | B61: 146157 | D61: AUTOFILETTANTE TSP TORX 4,8x19 INOX | F61: 0.344 | N61: =+F61 -> 0.344
A62: b&m | B62: 146436 | C62: DIN ISO 10642VITE TSPEI M 5x16 INOX | F62: 0.0212 | N62: =+F62 -> 0.0212
A63: b&m | B63: 146440 | D63: GRANO EI M 8x50 PC INOX | F63: 0.0212 | N63: =+F63 -> 0.0212
A64: b&m | B64: 146251 | E64: aggiunte da Valentina | F64: 0.11 | N64: =+F64 -> 0.11
A65: b&m | B65: 140597 | E65: aggiunte da Valentina | F65: 0.048 | N65: =+F65 -> 0.048
A66: cherubini | B66: 260055 | D66: ARGANELLO COPPIA CONICA 3:1 | F66: 8.52 | N66: =+F66 -> 8.52
A67: Eri | B67: 131399 | C67: T0002.445 | D67: PIASTRINO INF BLOCCA TELO ZIP | E67: P073 | F67: 0.46 | N67: =+F67 -> 0.46
A68: erreti | B68: 220045 | C68: T0002.512 | D68: CINGHIA DI TENSIONAMENTO 12X1 MONOASOLA | F68: 6 | N68: =+F68 -> 6
A69: Fastpoint | B69: 260053 | C69: 3VA10.045 | D69: MANOVELLA GAMBA TELESCOPICA ZEROGRADI | E69: NERO | F69: 11.85 | N69: =+F69 -> 11.85
A70: Fastpoint | B70: 320111 | C70: 3VA10.050 | D70: PIEDINO ADESIVO PARACOLPI 12.7x3.5 | E70: TRASPARENTE | F70: 0.05866 | N70: =+F70 -> 0.05866
A71: Fastpoint | B71: 111458 | C71: 3VA10.049 | D71: PASSACAVO MORBIDO 14X8X10 SP3 | E71: NERO | F71: 0.03907 | N71: =+F71 -> 0.03907
A72: Fastpoint | B72: 111489 | C72: 3VA10.051 | D72: RONDELLA DISTANZ 28X18.2 H4.5 | E72: NERO | F72: 0.10241 | N72: =+F72 -> 0.10241
A73: Fastpoint | B73: 320048 | C73: 3VA10.012 | D73: CLIP DENTELLATA Ø15X17.7 FORO Ø5 | E73: NERO | F73: 0.04267 | N73: =+F73 -> 0.04267
A74: larinox | B74: 131392 | C74: 3GE30.051 | D74: TUBO TONDO D50X1.5 L730 - INOX ZEROGRADI | E74: - | F74: 2.04 | N74: =+F74 -> 2.04
A75: larinox | B75: 131393 | C75: 3GE30.049 | D75: TUBO TONDO D20X1.5 L367 - INOX ZEROGRADI | E75: - | F75: 1.93 | N75: =+F75 -> 1.93
A76: larinox | B76: 131394 | C76: 3GE30.052A | D76: TUBO TONDO D54X1.5 L120 - INOX ZEROGRADI | E76: - | F76: 8.25 | N76: =+F76 -> 8.25
A77: larinox | B77: 131395 | C77: 3GE30.052F | D77: TUBO TONDO D54X1.5 L730 - INOX ZEROGRADI | E77: - | F77: 8.16 | N77: =+F77 -> 8.16
A78: megaveneto | B78: 131373 | C78: 3GE50.002 | D78: VITE TRAPEZOIDALE TR20X4 - L 565 | E78: - | F78: 84.5 | N78: =+F78 -> 84.5
A79: megaveneto | B79: 131376 | C79: T0002.436 | D79: CHIOCCIOLA DI SOLLEVAMENTO GAMBA TELESCOPICA ZEROGRADI | E79: P000 | F79: 75.5 | N79: =+F79 -> 75.5
A80: Mollificio Rizzato | B80: 160159 | C80: T0002.503S | D80: MOLLA DI TENSIONAMENTO RULLO DX ZEROGRADI | E80: - | F80: 6.22 | N80: =+F80 -> 6.22
... A86: tecnofast | B86: 131382 | C86: T0002.405 | D86: PERNO TENSIONATORE LATO FOLLE ZEROGRADI | E86: - | F86: 2.3 | N86: =+F86 -> 2.3
A87: tovotec | B87: 122233 | C87: T0002.W04S | D87: CONTROTAPPO TESTATA VOLANT DX | E87: 0187 | F87: 2.92 | G87: 0.27 | N87: =+F87+G87 -> 3.19
A88: tovotec | B88: 122234 | C88: T0002.W04 | D88: CONTROTAPPO TESTATA VOLANT SX | E88: 0187 | F88: 2.92 | G88: 0.27 | N88: =+F88+G88 -> 3.19
A89: tovotec | B89: 131383 | C89: T0002.412 | D89: PIASTRA ANCORAGGIO GUIDA ACCOPPIATA BASE ZEROGRADI | E89: 0000 + colori mag | F89: 2.44 | G89: 0.3 | H89: non da listino | N89: =+F89+G89 -> 2.74
A90: tovotec | B90: 131384 | C90: T0002.415 | D90: PIASTRA ANCORAGGIO GUIDA ACCOPPIATA UNIONE ZEROGRADI | E90: 0000 + colori mag | F90: 2.62 | G90: 0.3 | H90: non da listino | N90: =+F90+G90 -> 2.92
A91: tovotec | B91: 131385 | C91: T0002.414 | D91: PIASTRA ANCORAGGIO GUIDA BASE ZEROGRADI | E91: 0000 + colori mag | F91: 1.41 | G91: 0.5 | N91: =+F91+G91 -> 1.91
A92: tovotec | B92: 131387 | C92: T0002.413 | D92: PIASTRA ANCORAGGIO GUIDA MENSOLA DISASSATA ZEROGRADI | E92: 0000 + colori mag | F92: 2.28 | G92: 0.5 | H92: non da listino | N92: =+F92+G92 -> 2.78
A93: tovotec | B93: 122235 | C93: T0002.308 | D93: CONTROTAPPO CARRELLO FRONTALE ZEROGRADI | E93: 0187 | F93: 1.04 | G93: 0.25 | N93: =+F93+G93 -> 1.29
A94: tovotec | B94: 122236 | C94: T0002.317 | D94: COVER SUPPORTO FRANGITRATTA ZEROGRADI | E94: 0000 + colori mag | F94: 1.31 | G94: 0.28 | N94: =+F94+G94 -> 1.59
A95: tovotec | B95: 122238 | C95: T0002.307 | D95: GANCETTO BLOCCACINGHIA FRONTALE ZEROGRADI | E95: 0000 | F95: 0.38 | G95: resta gz | H95: non da listino
A96: tovotec | B96: 122239 | C96: T0002.322 | D96: PIASTRINO 60X8X4 FORI M5 | E96: 0187 | F96: 1 | G96: 0.3 | H96: non da listino | N96: =+F96+G96 -> 1.3
A97: tovotec | B97: 122241 | C97: T0002.318 | D97: PIASTRINO SNODO GUIDA DOPPIA ZEROGRADI | E97: 0000 + colori mag | F97: 3.57 | G97: 1.66 | H97: non da listino | N97: =+F97+G97 -> 5.23
A98: tovotec | B98: 122242 | C98: T0002.320 | D98: PIASTRINO SNODO GUIDA SINGOLA ZEROGRADI | E98: 0000 + colori mag | F98: 2.74 | G98: 0.25 | N98: =+F98+G98 -> 2.99
A99: tovotec | B99: 122244 | C99: H0074.607 | D99: PIEDINO GAMBA MAGGIORATO CENTRALE ZEROGRADI | E99: 0000 + colori mag | F99: 19.2 | G99: 1.66 | H99: non da listino | N99: =+F99+G99 -> 20.86
A100: tovotec | B100: 122245 | C100: T0002.310 | D100: PIEDINO GAMBA MONOLITICA ZEROGRADI | E100: 0000 + colori mag | F100: 12.33 | G100: 1.66 | N100: =+F100+G100 -> 13.99
A101: tovotec | B101: 122246 | C101: T0002.321 | D101: TAPPO TETTUCCIO ZEROGRADI | E101: 0000 + colori mag | F101: 1.23 | G101: 1.66 | N101: =+F101+G101 -> 2.89
A102: tovotec | B102: 122255 | C102: T0002.W03 | D102: STAFFA SOFFITTO ZERO | E102: 0000 + colori mag | F102: 20.55 | G102: 1.66 | H102: non da listino | N102: =+F102+G102 -> 22.21
A103: tovotec | B103: 122266 | C103: T0002.336 | D103: CHIUSURA TAPPO GUIDA SENZA ZIP | E103: 0000 + colori mag | F103: 0.86 | G103: 1.66 | H103: non da listino | N103: =+F103+G103 -> 2.52
A104: tovotec | B104: 122267 | C104: T0002.346 | D104: CARTER PIEDE GAMBA FISSA | E104: 0000 + colori mag | F104: 3.38 | G104: 1.66 | N104: =+F104+G104 -> 5.04
A105: tovotec | B105: 122268 | C105: H0074.613 | D105: CARTER PIEDE MAGGIORATO GAMBA 110 | E105: 0000 + colori mag | F105: 5.14 | G105: 1.66 | H105: non da listino | N105: =+F105+G105 -> 6.8
A106: tovotec | B106: 131402 | C106: T0002.448 | D106: PATTINO GAMBA TELESCOPICA 4X10X105 | E106: 0000 | F106: 1.1 | G106: 1.66 | H106: non da listino | N106: =+F106+G106 -> 2.76
A107: tovotec | B107: 122269 | C107: T0002.350 | D107: PIN COLLEGAMENTO VOLANT PIATTO | E107: 0187 | F107: 0.68 | G107: 0.25 | N107: =+F107+G107 -> 0.93
...

Sheet Foglio1
A1: Codice | B1: Descrizione | C1: Implementazione distinta su smeup | D1: Rif kit | E1: Classe di riferimento | F1: Note sul posizionamento | G1: La massima misura di taglio | H1: Il massimo numero indicativo di pz (PER MODULO - non PER KIT) | I1: Codice nuovo? (ci sono codici NON nuovi??) | J1: La configurazione colore | K1: Chi assembla il componente all’interno del reparto | L1: Prefisso della sequenza | M1: Passa per le cassettine? | N1: reparto | O1: Classe di programmazione | P1: Crit configurazione | Q1: Le configurazioni | R1: La classe gestionale | S1: Parametro configurazione di partenza conto lavoro | T1: Cat. Logistica | U1: Ciclo alternativo sul 150 | V1: Centro di lavoro (solo per i profili) | W1: Fornitore | Y1: Inseribile | Z1: peso a metro matrice | AA1: codice ricavato | AB1: misura pz (mm) | AC1: pz per barra
A2: 010608 | B2: PR SUPPORTO CASSONETTO SUPERIORE ZEROGRADI - WGB | D2: no | E2: 01 - Estrusi metallici | F2: DA LAVORARE - non in distinta - serve per ricavare 090364 | H2: 1 | I2: si | J2: Fissa | P2: 004 | Q2: 000006000 | R2: PRALU | W2: anodall extrusion | Y2: Inserito in Smeup o comunicato al CED o deciso | Z2: 1.62 | AA2: 090364 | AB2: 60 | AC2: =6000/(AB2+5) -> 92.307692 | AD2: =+A2 -> 010608 | AE2: =+Z2 -> 1.62
A3: 010609 | B3: PR GUIDA C-ZIP ZEROGRADI - WGB | D3: no | E3: 01 - Estrusi metallici | F3: IN VISTA | G3: 5770 | H3: 2 | I3: si | J3: Struttura | K3: Reparto | N3: quante con e senza zip? Tot 100 o tot 200? | P3: 004 | Q3: 000006000 | R3: PRALU | W3: anodall extrusion | Y3: Da inserire in smeup | Z3: 2.377 | AD3: =+A3 -> 010609 | AE3: =+Z3 -> 2.377
A4: 010611 | B4: PR GUIDA SENZA ZIP ZEROGRADI - WGB | D4: no | E4: 01 - Estrusi metallici | F4: IN VISTA | G4: 5770 | H4: 2 | I4: si | J4: Struttura | K4: Reparto | N4: quante con e senza zip? Tot 100 o tot 200? | P4: 004 | Q4: 000006000 | R4: PRALU | W4: anodall extrusion | Z4: 1.722 | AD4: =+A4 -> 010611 | AE4: =+Z4 -> 1.722
A5: 010616 | B5: PR TETTUCCIO ROTABILE ZEROGRADI - WGB | D5: no | E5: 01 - Estrusi metallici | F5: OPTIONAL - IN VISTA | G5: 6000 | H5: 1 | I5: si | J5: Struttura | K5: Cliente | N5: minimo 100 barre, ok? | P5: 004 | Q5: 000006050 | R5: PRALU | W5: anodall extrusion | Z5: 0.725 | AD5: =+A5 -> 010616 | AE5: =+Z5 -> 0.725
A6: 010617 | B6: PR SUPPORTO GUIDE AD INCASTRO ZEROGRADI - WGB | D6: no | E6: 01 - Estrusi metallici | F6: DA LAVORARE - non in distinta - serve per ricavare 090361 | G6: 50 | H6: 16 | I6: si | J6: Struttura | P6: 004 | Q6: 000006000 | R6: PRALU | W6: anodall extrusion | Z6: 0.9 | AA6: 090361 | AB6: 45 | AC6: 120 | AD6: =+A6 -> 010617 | AE6: =+Z6 -> 0.9
A7: 010618 | B7: PR QUADRO 70X70 4 OGIVE | D7: no | E7: 01 - Estrusi metallici | F7: OPTIONAL - IN VISTA - frangitratta (sempre se L o S>5m o a richiesta maz 2pz per tenda) o gamba telescopica o singola (a richiesta max 2pz) | G7: Frangitratta 5946 - gambe<2800 | H7: 1 | I7: si | J7: Struttura | K7: Reparto | N7: 30 intanto? Vedi utilizzo | P7: 004 | Q7: 000006000 | R7: PRALU | W7: anodall extrusion | Z7: 1.791 | AD7: =+A7 -> 010618 | AE7: =+Z7 -> 1.791
A8: 010619 | B8: PR SUPPORTO TETTUCCIO ZEROGRADI - WGB | D8: no | E8: 01 - Estrusi metallici | F8: DA LAVORARE - serve per ricavare 090363 | G8: 50 | H8: 4 | I8: si | J8: Fissa | P8: 004 | Q8: 000006000 | R8: PRALU | W8: anodall extrusion | Z8: 0.891 | AA8: 090363 | AB8: 32 | AC8: =6000/(AB8+5) -> 162.16216 | AD8: =+A8 -> 010619 | AE8: =+Z8 -> 0.891
A9: 010627 | B9: PR CASSONETTO MONOBLOCCO PORTANTE ZEROGRADI - WGB | D9: no | E9: 01 - Estrusi metallici | F9: IN VISTA | G9: 5910 | H9: 1 | I9: si | J9: Struttura | K9: Reparto | P9: 004 | Q9: 000006000 | R9: PRALU | W9: anodall extrusion | Z9: 4.91 | AD9: =+A9 -> 010627 | AE9: =+Z9 -> 4.91
A10: 010628 | B10: PR CHIUSURA CASSONETTO PORTA LED ZEROGRADI - WGB | D10: no | E10: 01 - Estrusi metallici | F10: IN VISTA | G10: 5910 | H10: 1 | I10: si | J10: Struttura | K10: Reparto | P10: 004 | Q10: 000006000 | R10: PRALU | W10: anodall extrusion | Z10: 0.472 | AD10: =+A10 -> 010628 | AE10: =+Z10 -> 0.472
A11: 010629 | B11: PR AGGANCIO CASSONETTO PARETE ZEROGRADI - WGB | D11: no | E11: 01 - Estrusi metallici | F11: DA LAVORARE - serve per ricavare 090359 | G11: 100 | H11: 4 | I11: si | J11: Fissa | P11: 003 | Q11: 000006000 | R11: PRALU | W11: anodall extrusion | Z11: 1.145 | AA11: 090359 | AB11: 90 | AC11: =6000/(AB11+5) -> 63.157895 | AD11: =+A11 -> 010629 | AE11: =+Z11 -> 1.145
A12: 010630 | B12: PR MONOOGIVA ANCORABILE ZEROGRADI - WGB | D12: no | E12: 01 - Estrusi metallici | F12: SI VEDE SOLO DALL'ALTO | G12: 5830 | H12: 1 | I12: si | J12: Fissa | K12: Reparto | N12: minimo 100 barre | P12: 004 | Q12: 000006000 | R12: PRALU | W12: anodall extrusion | Z12: 0.344 | AD12: =+A12 -> 010630 | AE12: =+Z12 -> 0.344
A13: 010631 | B13: PR PROLUNGA GUARNIZIONE ROMPIACQUA ZEROGRADI - WGB | D13: no | E13: 01 - Estrusi metallici | F13: IN VISTA | G13: 5870 | H13: 1 | I13: si | J13: Struttura | K13: Reparto | P13: 004 | Q13: 000006000 | R13: PRALU | W13: anodall extrusion | Z13: 0.386 | AD13: =+A13 -> 010631 | AE13: =+Z13 -> 0.386
A14: 010633 | B14: PR COVER CASSONETTO VOLANT D49 ZEROGRADI - WGB | D14: no | E14: 01 - Estrusi metallici | F14: OPTIONAL - IN VISTA | G14: 5800 | H14: 1 | I14: si | J14: Struttura | K14: Reparto | P14: 004 | Q14: 000006000 | R14: PRALU | W14: anodall extrusion | Z14: 1.386 | AD14: =+A14 -> 010633 | AE14: =+Z14 -> 1.386
A15: 010634 | B15: PR FRONTALE AGGANCIABILE ZEROGRADI - WGB | D15: no | E15: 01 - Estrusi metallici | F15: IN VISTA | G15: 5830 | H15: 1 | I15: si | J15: Struttura | K15: Reparto | P15: 004 | Q15: 000006000 | R15: PRALU | W15: anodall extrusion | Z15: 3.055 | AD15: =+A15 -> 010634 | AE15: =+Z15 -> 3.055
A16: 010635 | B16: PR REGGISTRIP ZEROGRADI - WGB | D16: no | E16: 01 - Estrusi metallici | F16: NON IN VISTA | G16: 5770 | H16: 1 | I16: si | J16: Fissa | K16: Reparto | P16: 004 | Q16: 005106000 | R16: PRALU | W16: anodall extrusion | Z16: 0.156 | AD16: =+A16 -> 010635 | AE16: =+Z16 -> 0.156
A17: 010636 | B17: PR CASSONETTO PORTANTE VOLANT D49 ZEROGRADI - WGB | D17: no | E17: 01 - Estrusi metallici | F17: OPTIONAL - IN VISTA | G17: 5800 | H17: 1 | I17: si | J17: Struttura | K17: Reparto | P17: 004 | Q17: 000006000 | R17: PRALU | W17: anodall extrusion | Z17: 1.342 | AD17: =+A17 -> 010636 | AE17: =+Z17 -> 1.342
A18: 010637 | B18: PR ANTISOLLEVAMENTO SUPP PARETE ZEROGRADI - WGB | D18: no | E18: 01 - Estrusi metallici | F18: DA LAVORARE - serve per ricavare 090362 | G18: 100 | H18: 4 | I18: si | J18: Fissa | P18: 004 | Q18: 000006000 | R18: PRALU | W18: anodall extrusion | Z18: 0.559 | AA18: 090362 | AB18: 90 | AC18: =6000/(AB18+5) -> 63.157895 | AD18: =+A18 -> 010637 | AE18: =+Z18 -> 0.559
A19: 010638 | B19: PR CASSONETTO INSERIBILE SUPERIORE ZEROGRADI - WGB | D19: no | E19: 01 - Estrusi metallici | F19: IN VISTA | G19: 5910 | H19: 1 | I19: si | J19: Struttura | K19: Reparto | P19: 004 | Q19: 000006000 | R19: PRALU | W19: anodall extrusion | Z19: 1.669 | AD19: =+A19 -> 010638 | AE19: =+Z19 -> 1.669
A20: 010639 | B20: PR SUPPORTO PARETE ANCORABILE ZEROGRADI - WGB | D20: no | E20: 01 - Estrusi metallici | F20: DA LAVORARE - serve per ricavare 090365 | G20: 200 | H20: 4 | I20: si | J20: Fissa | P20: 004 | Q20: 000006000 | R20: PRALU | W20: anodall extrusion | Z20: 5.338 | AA20: 090365 | AB20: 180 | AC20: =6000/(AB20+5) -> 32.432432 | AD20: =+A20 -> 010639 | AE20: =+Z20 -> 5.338
A21: 220045 | B21: CINGHIA DI TENSIONAMENTO 12X1 MONOASOLA | D21: no | E21: 22 - Funi-Cinghie | F21: // | H21: 2 | I21: si | J21: Fissa | K21: Reparto | N21: 100 | P21: 004 | Q21: da verificare se le altre cinghie arrivano con configurazioni; arriva nera, leggermente in vista | W21: erreti | AD21: =+A21 -> 220045 | AE21: =+Z21 -> 0
A22: 146419 | B22: CHIAVETTA DI TRASMISSIONE 4X4X25 | D22: 272358 | E22: 14 - Elementi di fissaggio | F22: // | H22: 1 | I22: si | J22: No Configurazione | K22: In kit | N22: 200 | P22: - | W22: b&m | AD22: =+A22 -> 146419 | AE22: =+Z22 -> 0
A23: 260053 | B23: MANOVELLA GAMBA TELESCOPICA ZEROGRADI | D23: no | E23: 26 - Accessorio/Altro materiale | F23: // | H23: 1 | I23: si | J23: Fissa | K23: Reparto | N23: 100 | P23: 003 | Q23: P073 | W23: Fastpoint | AD23: =+A23 -> 260053 | AE23: =+Z23 -> 0
A24: 111458 | B24: PASSACAVO MORBIDO 14X8X10 SP3 ZEROGRADI | D24: 272343 | E24: 11 - Stampati plastica | F24: // | H24: 2 | I24: si | J24: Fissa | K24: Reparto | N24: 200 | P24: 003 | Q24: P073 | W24: Fastpoint | AD24: =+A24 -> 111458 | AE24: =+Z24 -> 0
A25: 320111 | B25: PIEDINO ADESIVO PARACOLPI 12.7x3.5 | D25: no | E25: 32 - Commerciali | F25: // | H25: 5 | I25: si | J25: Fissa | K25: Reparto | N25: 100 | P25: - | Q25: P134 | W25: Fastpoint | AD25: =+A25 -> 320111 | AE25: =+Z25 -> 0
A26: 146428 | B26: VITE TRILOBATA TSPEI M5x12 INOX | D26: no | E26: 14 - Elementi di fissaggio | F26: // | H26: 1 | I26: si | J26: No Configurazione | K26: Reparto | N26: 100 | P26: - | W26: b&m | AD26: =+A26 -> 146428 | AE26: =+Z26 -> 0
A27: 146429 | B27: VITE TRILOBATA TSPEI M5x8 INOX | D27: no | E27: 14 - Elementi di fissaggio | F27: // | H27: 8 | I27: si | J27: No Configurazione | K27: Reparto | N27: 100 | P27: - | W27: b&m | AD27: =+A27 -> 146429 | AE27: =+Z27 -> 0
A28: 146210 | B28: ANELLO ELASTICO ALBERO D14 INOX | D28: 272358 | E28: 14 - Elementi di fissaggio | F28: // | H28: 1 | I28: si | J28: No Configurazione | K28: In kit | N28: 200 | P28: - | W28: b&m | AD28: =+A28 -> 146210 | AE28: =+Z28 -> 0
A29: 146421 | B29: GRANO EI PUNTA CONICA M8x20 INOX | D29: 272357 | E29: 14 - Elementi di fissaggio | F29: // | H29: 16 | I29: si | J29: No Configurazione | K29: In kit | N29: 200 | P29: - | W29: b&m | AD29: =+A29 -> 146421 | AE29: =+Z29 -> 0
A30: 146426 | B30: VITE TCEI M5x50 INOX | D30: 272347 + 272359 | E30: 14 - Elementi di fissaggio | F30: // | H30: 4 | I30: si | J30: No Configurazione | K30: In kit | N30: 200 | P30: - | W30: b&m | AD30: =+A30 -> 146426 | AE30: =+Z30 -> 0
A31: 146425 | B31: VITE TCEI M10x50 INOX | D31: no | E31: 14 - Elementi di fissaggio | F31: // | H31: 2 | I31: si | J31: No Configurazione | K31: Reparto | N31: 100 | P31: - | W31: b&m | AD31: =+A31 -> 146425 | AE31: =+Z31 -> 0
A32: 146430 | B32: VITE TSPEI M4x12 INOX | D32: 272343 + 272346 + 272349 | E32: 14 - Elementi di fissaggio | F32: // | H32: 14 | I32: si | J32: No Configurazione | K32: In kit | N32: 200 | P32: - | W32: b&m | AD32: =+A32 -> 146430 | AE32: =+Z32 -> 0
A33: 146431 | B33: VITE TSPEI M5x20 INOX | D33: 272345+272348+272355+272356 | E33: 14 - Elementi di fissaggio | F33: // | H33: 16 | I33: si | J33: No Configurazione | K33: In kit | N33: 200 | P33: - | W33: b&m | AD33: =+A33 -> 146431 | AE33: =+Z33 -> 0
A34: 146422 | B34: SPINA CILINDRICA 4x8 INOX | D34: 272343+272400 | E34: 14 - Elementi di fissaggio | F34: // | H34: 2 | I34: si | J34: No Configurazione | K34: In kit | N34: 200 | P34: - | W34: b&m | AD34: =+A34 -> 146422 | AE34: =+Z34 -> 0
A35: 160160 | B35: MOLLA DI TENSIONAMENTO RULLO SX ZEROGRADI | D35: 272345+272355 | E35: 16 - Molle catene | F35: // | H35: 2 | I35: si | J35: No Configurazione | K35: In kit | N35: 200 | P35: - | W35: Mollificio Rizzato | AD35: =+A35 -> 160160 | AE35: =+Z35 -> 0
A36: 160159 | B36: MOLLA DI TENSIONAMENTO RULLO DX ZEROGRADI | D36: 272348+272356 | E36: 16 - Molle catene | F36: // | H36: 2 | I36: si | J36: No Configurazione | K36: In kit | N36: 200 | P36: - | W36: Mollificio Rizzato | AD36: =+A36 -> 160159 | AE36: =+Z36 -> 0
A37: 160161 | B37: MOLLA GANCIO FRONTALE ZEROGRADI | D37: 272343 | E37: 16 - Molle catene | F37: // | H37: 2 | I37: si | J37: No Configurazione | K37: In kit | N37: 200 | P37: - | W37: Mollificio Rizzato | AD37: =+A37 -> 160161 | AE37: =+Z37 -> 0
A38: 122233 | B38: CONTROTAPPO TESTATA VOLANT DX | D38: 272400 | E38: 12 - Tagliati laser e inseparabili | F38: OPTIONAL - IN VISTA | H38: 1 | I38: si | J38: Fissa | K38: In kit | N38: 200 | P38: 003 | Q38: 0187 | W38: tovotec | AD38: =+A38 -> 122233 | AE38: =+Z38 -> 0
A39: 122234 | B39: CONTROTAPPO TESTATA VOLANT SX | D39: 272400 | E39: 12 - Tagliati laser e inseparabili | F39: OPTIONAL - IN VISTA | H39: 1 | I39: si | J39: Fissa | K39: In kit | N39: 200 | P39: 003 | Q39: 0187 | W39: tovotec | AD39: =+A39 -> 122234 | AE39: =+Z39 -> 0
A40: 131373 | B40: VITE TRAPEZOIDALE TR20X4 - L 565 | D40: 272358 | E40: 13 - Lavorati Meccanici | F40: OPTIONAL - NON IN VISTA | H40: 1 | I40: si | J40: No Configurazione | K40: In kit | N40: 200 | P40: - | W40: megaveneto | AD40: =+A40 -> 131373 | AE40: =+Z40 -> 0
A41: 131382 | B41: PERNO TENSIONATORE LATO FOLLE ZEROGRADI | D41: no | E41: 13 - Lavorati Meccanici | F41: // | H41: 1 | I41: si | J41: No Configurazione | K41: Reparto | N41: 100 | P41: - | W41: tecnofast | AD41: =+A41 -> 131382 | AE41: =+Z41 -> 0
A42: 131379 | B42: PERNO ROTELLE-RINVII D12X17.5 + M8 ZEROGRADI | D42: 272343+272344+272346+272400 | E42: 13 - Lavorati Meccanici | F42: // | H42: 8 | I42: si | J42: No Configurazione | K42: In kit | N42: 200 | P42: - | W42: tecnofast | AD42: =+A42 -> 131379 | AE42: =+Z42 -> 0
A43: 131378 | B43: PERNO MANOVELLA GAMBA TELESCOPICA ZEROGRADI | D43: no | E43: 13 - Lavorati Meccanici | F43: // | H43: 1 | I43: si | J43: No Configurazione | K43: Reparto | N43: 100 | P43: - | W43: tecnofast | AD43: =+A43 -> 131378 | AE43: =+Z43 -> 0
A44: 131376 | B44: CHIOCCIOLA DI SOLLEVAMENTO GAMBA TELESCOPICA ZEROGRADI | D44: 272358 | E44: 13 - Lavorati Meccanici | F44: // | H44: 1 | I44: si | J44: Fissa | K44: In kit | N44: 200 | P44: 003 | Q44: P000 | W44: Eri | AD44: =+A44 -> 131376 | AE44: =+Z44 -> 0
A45: 131380 | B45: PERNO SUPPORTO ATTACCO PARETE ZEROGRADI | D45: 272349 | E45: 13 - Lavorati Meccanici | F45: // | H45: 4 | I45: si | J45: No Configurazione | K45: In kit | N45: 200 | P45: - | W45: tecnofast | AD45: =+A45 -> 131380 | AE45: =+Z45 -> 0
A46: 131374 | B46: ANCORAMENTO TETTUCCIO SUPPORTO PARETE ZEROGRADI | D46: 272347 | E46: 13 - Lavorati Meccanici | F46: OPTIONAL - NON IN VISTA | H46: 4 | I46: si | J46: Fissa | K46: In kit | N46: 200 | P46: 003 | Q46: elettrocolore nero | W46: CPA | AD46: =+A46 -> 131374 | AE46: =+Z46 -> 0
A47: 131375 | B47: BASAMENTO RINVIO ANGOLARE GAMBA TELESCOPICA ZEROGRADI | D47: 272358 | E47: 13 - Lavorati Meccanici | F47: NON IN VISTA | H47: 1 | I47: si | J47: Fissa | K47: In kit | N47: 200 | P47: 003 | Q47: 0000 | W47: CPA | AD47: =+A47 -> 131375 | AE47: =+Z47 -> 0
A48: 131377 | B48: DISCO FINECORSA GAMBA TELESCOPICA ZEROGRADI | D48: 272358 | E48: 13 - Lavorati Meccanici | F48: NON IN VISTA | H48: 1 | I48: si | J48: Fissa | K48: In kit | N48: 200 | P48: 003 | Q48: 0000 | W48: CPA | AD48: =+A48 -> 131377 | AE48: =+Z48 -> 0
A49: 131383 | B49: PIASTRA ANCORAGGIO GUIDA ACCOPPIATA BASE ZEROGRADI | D49: no | E49: 13 - Lavorati Meccanici | F49: IN VISTA | H49: 16 | I49: si | J49: Struttura | K49: Reparto | N49: 200 | P49: 003 | Q49: 0000 + colori mag | W49: tovotec | AD49: =+A49 -> 131383 | AE49: =+Z49 -> 0
A50: 131384 | B50: PIASTRA ANCORAGGIO GUIDA ACCOPPIATA UNIONE ZEROGRADI | D50: no | E50: 13 - Lavorati Meccanici | F50: IN VISTA | H50: 16 | I50: si | J50: Struttura | K50: Reparto | N50: 200 | P50: 003 | Q50: 0000 + colori mag | W50: tovotec | AD50: =+A50 -> 131384 | AE50: =+Z50 -> 0
A51: 131385 | B51: PIASTRA ANCORAGGIO GUIDA BASE ZEROGRADI | D51: no | E51: 13 - Lavorati Meccanici | F51: IN VISTA | H51: 16 | I51: si | J51: Struttura | K51: Reparto | N51: 200 | P51: 003 | Q51: 0000 + colori mag | W51: tovotec | AD51: =+A51 -> 131385 | AE51: =+Z51 -> 0
A52: 131386 | B52: PIASTRA ANCORAGGIO GUIDA MENSOLA ANGOLARE ZEROGRADI | D52: no | E52: 13 - Lavorati Meccanici | F52: IN VISTA | H52: 16 | I52: si | J52: Struttura | K52: Reparto | N52: 200 | P52: 003 | Q52: 0000 + colori mag | W52: cpa | AD52: =+A52 -> 131386 | AE52: =+Z52 -> 0
A53: 131387 | B53: PIASTRA ANCORAGGIO GUIDA MENSOLA DISASSATA ZEROGRADI | D53: no | E53: 13 - Lavorati Meccanici | F53: IN VISTA | H53: 16 | I53: si | J53: Struttura | K53: Reparto | N53: 200 | P53: 003 | Q53: 0000 + colori mag | W53: tovotec | AD53: =+A53 -> 131387 | AE53: =+Z53 -> 0
A54: 131388 | B54: SNODO GAMBA-GUIDA LATO GAMBA ZEROGRADI | D54: no | E54: 13 - Lavorati Meccanici | F54: IN VISTA | H54: 2 | I54: si | J54: Struttura | K54: Reparto | N54: 200 | P54: 003 | Q54: 0000 + colori mag | W54: cpa | AD54: =+A54 -> 131388 | AE54: =+Z54 -> 0
A55: 131389 | B55: SNODO GAMBA-GUIDA LATO GUIDA ZEROGRADI | D55: no | E55: 13 - Lavorati Meccanici | F55: IN VISTA | H55: 2 | I55: si | J55: Struttura | K55: Reparto | N55: 200 | P55: 003 | Q55: 0000 + colori mag | W55: cpa | AD55: =+A55 -> 131389 | AE55: =+Z55 -> 0
A56: 131390 | B56: STAFFETTA SUPPORTO TENSIONATORE ZEROGRADI | D56: no | E56: 13 - Lavorati Meccanici | F56: NON IN VISTA | H56: 2 | I56: si | J56: Fissa | K56: Reparto | N56: 100 | P56: 003 | Q56: elettrocolore nero | W56: cpa | AD56: =+A56 -> 131390 | AE56: =+Z56 -> 0
A57: 131391 | B57: SUPPORTO FRANGITRATTA STATICO ZEROGRADI | D57: 272353 | E57: 13 - Lavorati Meccanici | F57: ABBASTANZA NASCOSTO | H57: 2 | I57: si | J57: Fissa | K57: In kit | N57: 200 | P57: 003 | Q57: elettrocolore nero | W57: CPA | AD57: =+A57 -> 131391 | AE57: =+Z57 -> 0
A58: 090364 | B58: SUPPORTO CASSONETTO SUPERIORE ZEROGRADI | D58: no | E58: 09 - Mozziconi | F58: NON IN VISTA | H58: 1 | I58: si | J58: Fissa | K58: Reparto | N58: 100 | P58: 003 | Q58: elettrocolore nero | W58: CPA | AD58: =+A58 -> 090364 | AE58: =+Z58 -> 0
A59: 090361 | B59: ANCORAGGIO GUIDA ZEROGRADI | D59: 272353+272357 | E59: 09 - Mozziconi | F59: IN VISTA | H59: 16 | I59: si | J59: Struttura | K59: In kit | N59: 200 | P59: 003 | Q59: 0000 + colori mag | W59: CPA | AD59: =+A59 -> 090361 | AE59: =+Z59 -> 0
A60: 090359 | B60: AGGANCIO CASSONETTO PARETE ROTABILE LAVORATO ZEROGRADI | D60: 272349 | E60: 09 - Mozziconi | F60: ABBASTANZA NASCOSTO | H60: 4 | I60: si | J60: Fissa | K60: In kit | N60: 200 | P60: 003 | Q60: elettrocolore nero | W60: CPA | AD60: =+A60 -> 090359 | AE60: =+Z60 -> 0
A61: 090362 | B61: ANTI SOLLEVAMENTO SUPPORTO PARETE ROTABILE LAVORATO ZEROGRADI | D61: 272349 | E61: 09 - Mozziconi | F61: ABBASTANZA NASCOSTO | H61: 4 | I61: si | J61: Fissa | K61: In kit | N61: 200 | P61: 003 | Q61: elettrocolore nero | W61: CPA | AD61: =+A61 -> 090362 | AE61: =+Z61 -> 0
A62: 090363 | B62: SUPPORTINO TETTUCCIO LAVORATO ZEROGRADI | D62: 272347+272359 | E62: 09 - Mozziconi | F62: ABBASTANZA NASCOSTO | H62: 4 | I62: si | J62: Fissa | K62: In kit | N62: 200 | P62: 003 | Q62: elettrocolore nero | W62: CPA | AD62: =+A62 -> 090363 | AE62: =+Z62 -> 0
A63: 090365 | B63: SUPPORTO PARETE ANCORABILE ROTABILE LAVORATO ZEROGRADI | D63: 272349 | E63: 09 - Mozziconi | F63: ABBASTANZA NASCOSTO | H63: 4 | I63: si | J63: Fissa | K63: In kit | N63: 200 | P63: 003 | Q63: elettrocolore nero | W63: CPA | AD63: =+A63 -> 090365 | AE63: =+Z63 -> 0
A64: 131393 | B64: TUBO TONDO D50X1.5 L730 - INOX ZEROGRADI | D64: 272345+272348 | E64: 13 - Lavorati Meccanici | F64: // | H64: 2 | I64: si | J64: No Configurazione | K64: In kit | N64: 200 | P64: 003 | W64: larinox | AD64: =+A64 -> 131393 | AE64: =+Z64 -> 0
A65: 131392 | B65: TUBO TONDO D20X1.5 L367 - INOX ZEROGRADI | D65: 272345+272348+272355+272356 | E65: 13 - Lavorati Meccanici | F65: // | H65: 2 | I65: si | J65: No Configurazione | K65: In kit | N65: 200 | P65: 003 | W65: larinox | AD65: =+A65 -> 131392 | AE65: =+Z65 -> 0
A66: 131394 | B66: TUBO TONDO D54X1.5 L120 - INOX ZEROGRADI | D66: 272355+272356 | E66: 13 - Lavorati Meccanici | F66: // | H66: 1 | I66: si | J66: No Configurazione | K66: In kit | N66: 200 | P66: 003 | W66: larinox | AD66: =+A66 -> 131394 | AE66: =+Z66 -> 0
A67: 131395 | B67: TUBO TONDO D54X1.5 L730 - INOX ZEROGRADI | D67: 272345+272348 | E67: 13 - Lavorati Meccanici | F67: // | H67: 1 | I67: si | J67: No Configurazione | K67: In kit | N67: 200 | P67: 003 | W67: larinox | AD67: =+A67 -> 131395 | AE67: =+Z67 -> 0
A68: 111459 | B68: ROTELLA TERMINALE ANTI SCAVALLAMENTO ZEROGRADI | D68: 272343 | E68: 11 - Stampati plastica | F68: NON IN VISTA | H68: 2 | I68: si | J68: Fissa | K68: In kit | N68: 200 | P68: 003 | Q68: P073 | W68: 4C | AD68: =+A68 -> 111459 | AE68: =+Z68 -> 0
A69: 111460 | B69: AVVOLGICINGHIA CHIUSURA LATO FOLLE ZEROGRADI | D69: 272355+272356 | E69: 11 - Stampati plastica | F69: NON IN VISTA | H69: 1 | I69: si | J69: Fissa | K69: In kit | N69: 200 | P69: 003 | Q69: P073 | W69: 4C | AD69: =+A69 -> 111460 | AE69: =+Z69 -> 0
A70: 111461 | B70: AVVOLGICINGHIA CHIUSURA LATO MOTORE ZEROGRADI | D70: 272345+272348 | E70: 11 - Stampati plastica | F70: NON IN VISTA | H70: 1 | I70: si | J70: Fissa | K70: In kit | N70: 200 | P70: 003 | Q70: P073 | W70: 4C | AD70: =+A70 -> 111461 | AE70: =+Z70 -> 0
A71: 111462 | B71: AVVOLGICINGHIA CORONA ESTERNA ZEROGRADI | D71: 272345+272348+272355+272356 | E71: 11 - Stampati plastica | F71: NON IN VISTA | H71: 2 | I71: si | J71: Fissa | K71: In kit | N71: 200 | P71: 003 | Q71: P073 | W71: 4C | AD71: =+A71 -> 111462 | AE71: =+Z71 -> 0
A72: 111463 | B72: AVVOLGICINGHIA SEMISUPPORTO PRINCIPALE ZEROGRADI | D72: 272345+272348+272355+272356 | E72: 11 - Stampati plastica | F72: NON IN VISTA | H72: 4 | I72: si | J72: Fissa | K72: In kit | N72: 200 | P72: 003 | Q72: P073 | W72: 4C | AD72: =+A72 -> 111463 | AE72: =+Z72 -> 0
A73: 111464 | B73: GUSCIO SUPPORTO MOLLA LATO INTERNO ZEROGRADI | D73: 272345+272348+272355+272356 | E73: 11 - Stampati plastica | F73: NON IN VISTA | H73: 2 | I73: si | J73: Fissa | K73: In kit | N73: 200 | P73: 003 | Q73: P073 | W73: 4C | AD73: =+A73 -> 111464 | AE73: =+Z73 -> 0
A74: 111465 | B74: PROTEGGI TELO FRANGITRATTA ZEROGRADI | D74: no | E74: 11 - Stampati plastica | F74: NON IN VISTA | H74: 6 | I74: si | J74: Fissa | K74: Reparto | N74: 100 | P74: 003 | Q74: P134 | W74: 4C | AD74: =+A74 -> 111465 | AE74: =+Z74 -> 0
A75: 111466 | B75: ROTELLA CARRELLO-RINVIO ZEROGRADI | D75: 272343+272344+272346+272400 | E75: 11 - Stampati plastica | F75: NON IN VISTA | H75: 8 | I75: si | J75: Fissa | K75: In kit | N75: 200 | P75: 003 | Q75: P073 | W75: 4C | AD75: =+A75 -> 111466 | AE75: =+Z75 -> 0
A76: 111467 | B76: TAPPINO ANCORAGGIO GUIDA ZEROGRADI | D76: 272357 | E76: 11 - Stampati plastica | F76: IN VISTA | H76: 32 | I76: si | J76: Fissa | K76: In kit | N76: 200 | P76: 003 | Q76: P134 | W76: 4C | AD76: =+A76 -> 111467 | AE76: =+Z76 -> 0
A77: 111468 | B77: TAPPO CHIUSURA SUPERIORE GAMBA TELESCOPICA ZEROGRADI | D77: no | E77: 11 - Stampati plastica | F77: IN VISTA | H77: 2 | I77: si | J77: Abbinamento struttura | K77: Reparto | N77: 100 | P77: 003 | Q77: P055, P073, ….. | W77: 4C | AD77: =+A77 -> 111468 | AE77: =+Z77 -> 0
A78: 111469 | B78: TRASCINATORE MOLLA ESTREMO Ø100 ZEROGRADI | E78: 11 - Stampati plastica | F78: versione rullo 100 in sospeso | H78: 2 | I78: si | J78: Fissa | K78: In kit | N78: 200 | P78: 003 | Q78: P073 | W78: 4C | AD78: =+A78 -> 111469 | AE78: =+Z78 -> 0
A79: 111470 | B79: TRASCINATORE MOLLA ESTREMO Ø85 ZEROGRADI | D79: 272345+272348+272355+272356 | E79: 11 - Stampati plastica | F79: NON IN VISTA | H79: 2 | I79: si | J79: Fissa | K79: In kit | N79: 200 | P79: 003 | Q79: P073 | W79: 4C | AD79: =+A79 -> 111470 | AE79: =+Z79 -> 0
A80: 111471 | B80: TRASCINATORE MOTORE MOLLA BASE ZEROGRADI | D80: 272345+272348+272355+272356 | E80: 11 - Stampati plastica | F80: NON IN VISTA | H80: 2 | I80: si | J80: Fissa | K80: In kit | N80: 200 | P80: 003 | Q80: P073 | W80: 4C | AD80: =+A80 -> 111471 | AE80: =+Z80 -> 0
A81: 111472 | B81: TRASCINATORE MOTORE MOLLA CHERUBINI P/ZEROGRADI | D81: no | E81: 11 - Stampati plastica | F81: NON IN VISTA | H81: 1 | I81: si | J81: Fissa | K81: Reparto | N81: 100 | P81: 003 | Q81: P073 | W81: 4C | AD81: =+A81 -> 111472 | AE81: =+Z81 -> 0
A82: 111473 | B82: TRASCINATORE MOTORE MOLLA NICE P/ZEROGRADI | D82: no | E82: 11 - Stampati plastica | F82: NON IN VISTA | H82: 1 | I82: si | J82: Fissa | K82: Reparto | N82: 100 | P82: 003 | Q82: P073 | W82: 4C | AD82: =+A82 -> 111473 | AE82: =+Z82 -> 0
A83: 111474 | B83: TRASCINATORE MOTORE MOLLA SOMFY P/ZEROGRADI | D83: no | E83: 11 - Stampati plastica | F83: NON IN VISTA | H83: 1 | I83: si | J83: Fissa | K83: Reparto | N83: 100 | P83: 003 | Q83: P073 | W83: 4C | AD83: =+A83 -> 111474 | AE83: =+Z83 -> 0
A84: 101035 | B84: COVER TESTATA SX ZEROGRADI | D84: 272340 | E84: 10 - Stampati alluminio | F84: IN VISTA | H84: 1 | I84: si | J84: Struttura | K84: In kit | N84: 200 | P84: 003 | Q84: 0000 + colori mag | W84: alubrass | AD84: =+A84 -> 101035 | AE84: =+Z84 -> 0
A85: 101034 | B85: COVER TESTATA DX ZEROGRADI | D85: 272340 | E85: 10 - Stampati alluminio | F85: IN VISTA | H85: 1 | I85: si | J85: Struttura | K85: In kit | N85: 200 | P85: 003 | Q85: 0000 + colori mag | W85: alubrass | AD85: =+A85 -> 101034 | AE85: =+Z85 -> 0
A86: 101037 | B86: TAPPO CON ROCCHETTO GUIDA ZIP ZEROGRADI | D86: 272344 | E86: 10 - Stampati alluminio | F86: IN VISTA | H86: 2 | I86: si | J86: Struttura | K86: In kit | N86: 200 | P86: 003 | Q86: 0000 + colori mag | W86: alubrass | AD86: =+A86 -> 101037 | AE86: =+Z86 -> 0
A87: 101040 | B87: TAPPO FRONTALE SX ZEROGRADI | D87: 272343 | E87: 10 - Stampati alluminio | F87: IN VISTA | H87: 1 | I87: si | J87: Struttura | K87: In kit | N87: 200 | P87: 003 | Q87: 0000 + colori mag | W87: alubrass | AD87: =+A87 -> 101040 | AE87: =+Z87 -> 0
A88: 101039 | B88: TAPPO FRONTALE DX ZEROGRADI | D88: 272343 | E88: 10 - Stampati alluminio | F88: IN VISTA | H88: 1 | I88: si | J88: Struttura | K88: In kit | N88: 200 | P88: 003 | Q88: 0000 + colori mag | W88: alubrass | AD88: =+A88 -> 101039 | AE88: =+Z88 -> 0
A89: 101036 | B89: TAPPINO FINITURA GUIDA ZIP ZEROGRADI | D89: 272344 | E89: 10 - Stampati alluminio | F89: IN VISTA | H89: 2 | I89: si | J89: Struttura | K89: In kit | N89: 200 | P89: 003 | Q89: 0000 + colori mag | W89: alubrass | AD89: =+A89 -> 101036 | AE89: =+Z89 -> 0
A90: 101038 | B90: TAPPO CON ROCCHETTO SENZA ZIP ZEROGRADI | D90: 272346 | E90: 10 - Stampati alluminio | F90: IN VISTA | H90: 2 | I90: si | J90: Struttura | K90: In kit | N90: 200 | P90: 003 | Q90: 0000 + colori mag | W90: alubrass | AD90: =+A90 -> 101038 | AE90: =+Z90 -> 0
A91: 101031 | B91: AGGANCIO CINGHIOLO GUIDA SENZA ZIP ZEROGRADI | D91: 272343 | E91: 10 - Stampati alluminio | F91: // | H91: 2 | I91: si | J91: Struttura | K91: In kit | N91: 200 | P91: 003 | Q91: 0000 + colori mag | W91: alubrass | AD91: =+A91 -> 101031 | AE91: =+Z91 -> 0
A92: 101033 | B92: BLOCCA TELO FRONTALE SX - CON ZIP ZEROGRADI | D92: 272344 | E92: 10 - Stampati alluminio | F92: IN VISTA | H92: 1 | I92: si | J92: Struttura | K92: In kit | N92: 200 | P92: 003 | Q92: 0000 + colori mag | W92: alubrass | AD92: =+A92 -> 101033 | AE92: =+Z92 -> 0
A93: 101032 | B93: BLOCCA TELO FRONTALE DX - CON ZIP ZEROGRADI | D93: 272344 | E93: 10 - Stampati alluminio | F93: IN VISTA | H93: 1 | I93: si | J93: Struttura | K93: In kit | N93: 200 | P93: 003 | Q93: 0000 + colori mag | W93: alubrass | AD93: =+A93 -> 101032 | AE93: =+Z93 -> 0
A94: 101041 | B94: TESTATA PORTANTE DX ZEROGRADI | D94: 272343 | E94: 10 - Stampati alluminio | F94: IN VISTA | H94: 1 | I94: si | J94: Struttura | K94: In kit | N94: 200 | P94: 003 | Q94: 0000 + colori mag | W94: alubrass | AD94: =+A94 -> 101041 | AE94: =+Z94 -> 0
A95: 101042 | B95: TESTATA PORTANTE SX ZEROGRADI | D95: 272343 | E95: 10 - Stampati alluminio | F95: IN VISTA | H95: 1 | I95: si | J95: Struttura | K95: In kit | N95: 200 | P95: 003 | Q95: 0000 + colori mag | W95: alubrass | AD95: =+A95 -> 101042 | AE95: =+Z95 -> 0
... A98: 122238 | B98: GANCETTO BLOCCACINGHIA FRONTALE ZEROGRADI | D98: 272400 | E98: 12 - Tagliati laser e inseparabili | F98: NON IN VISTA | H98: 2 | I98: si | J98: Fissa | K98: In kit | N98: 200 | P98: 003 | Q98: 0000 | W98: tovotec | AD98: =+A98 -> 122238 | AE98: =+Z98 -> 0
A99: 122239 | B99: PIASTRINO 60X8X4 FORI M5 | D99: no | E99: 12 - Tagliati laser e inseparabili | F99: // | H99: 1 | I99: si | J99: Fissa | K99: Reparto | N99: 100 | P99: 003 | Q99: 0187 | W99: tovotec | AD99: =+A99 -> 122239 | AE99: =+Z99 -> 0
A100: 122241 | B100: PIASTRINO SNODO GUIDA DOPPIA ZEROGRADI | D100: 272352 | E100: 12 - Tagliati laser e inseparabili | F100: IN VISTA | H100: 2 | I100: si | J100: Struttura | K100: In kit | N100: 200 | P100: 003 | Q100: 0000 + colori mag | W100: tovotec | AD100: =+A100 -> 122241 | AE100: =+Z100 -> 0
A101: 122242 | B101: PIASTRINO SNODO GUIDA SINGOLA ZEROGRADI | D101: 272351 | E101: 12 - Tagliati laser e inseparabili | F101: IN VISTA | H101: 2 | I101: si | J101: Struttura | K101: In kit | N101: 200 | P101: 003 | Q101: 0000 + colori mag | W101: tovotec | AD101: =+A101 -> 122242 | AE101: =+Z101 -> 0
A102: 122244 | B102: PIEDINO GAMBA MAGGIORATO CENTRALE ZEROGRADI | D102: no | E102: 12 - Tagliati laser e inseparabili | F102: IN VISTA | H102: 2 | I102: si | J102: Struttura | K102: Cliente | N102: 100 | P102: 003 | Q102: 0000 + colori mag | W102: tovotec | AD102: =+A102 -> 122244 | AE102: =+Z102 -> 0
...
